<annotation>
	<folder> ball in grass</folder>
	<filename>101. canva-soccer-ball-on-grass-at-goal-and-stadium-in-background-maaxibafay4.jpg</filename>
	<path>D:\Projects\Robot\pictures\downloads\ ball in grass\101. canva-soccer-ball-on-grass-at-goal-and-stadium-in-background-maaxibafay4.jpg</path>
	<source>
		<database>Unknown</database>
	</source>
	<size>
		<width>533</width>
		<height>800</height>
		<depth>3</depth>
	</size>
	<segmented>0</segmented>
	<object>
		<name>ball</name>
		<pose>Unspecified</pose>
		<truncated>0</truncated>
		<difficult>0</difficult>
		<bndbox>
			<xmin>257</xmin>
			<ymin>552</ymin>
			<xmax>376</xmax>
			<ymax>673</ymax>
		</bndbox>
	</object>
</annotation>
