<annotation>
	<folder> ball in grass</folder>
	<filename>102. golf_ball_grass.jpg</filename>
	<path>D:\Projects\Robot\pictures\downloads\ ball in grass\102. golf_ball_grass.jpg</path>
	<source>
		<database>Unknown</database>
	</source>
	<size>
		<width>800</width>
		<height>600</height>
		<depth>3</depth>
	</size>
	<segmented>0</segmented>
	<object>
		<name>ball</name>
		<pose>Unspecified</pose>
		<truncated>0</truncated>
		<difficult>0</difficult>
		<bndbox>
			<xmin>198</xmin>
			<ymin>79</ymin>
			<xmax>540</xmax>
			<ymax>438</ymax>
		</bndbox>
	</object>
</annotation>
