<annotation>
	<folder> ball in grass</folder>
	<filename>103. pup-12-cb0008-01p.jpg</filename>
	<path>D:\Projects\Robot\pictures\downloads\ ball in grass\103. pup-12-cb0008-01p.jpg</path>
	<source>
		<database>Unknown</database>
	</source>
	<size>
		<width>510</width>
		<height>363</height>
		<depth>3</depth>
	</size>
	<segmented>0</segmented>
	<object>
		<name>ball</name>
		<pose>Unspecified</pose>
		<truncated>0</truncated>
		<difficult>0</difficult>
		<bndbox>
			<xmin>247</xmin>
			<ymin>205</ymin>
			<xmax>364</xmax>
			<ymax>321</ymax>
		</bndbox>
	</object>
</annotation>
