<annotation>
	<folder> ball in grass</folder>
	<filename>104. stock-vector-golf-ball-on-grass-with-numbers-of-new-year-greeting-card-with-grass-background-466906700.jpg</filename>
	<path>D:\Projects\Robot\pictures\downloads\ ball in grass\104. stock-vector-golf-ball-on-grass-with-numbers-of-new-year-greeting-card-with-grass-background-466906700.jpg</path>
	<source>
		<database>Unknown</database>
	</source>
	<size>
		<width>450</width>
		<height>290</height>
		<depth>3</depth>
	</size>
	<segmented>0</segmented>
	<object>
		<name>ball</name>
		<pose>Unspecified</pose>
		<truncated>0</truncated>
		<difficult>0</difficult>
		<bndbox>
			<xmin>136</xmin>
			<ymin>105</ymin>
			<xmax>249</xmax>
			<ymax>218</ymax>
		</bndbox>
	</object>
</annotation>
