<annotation>
	<folder> ball in grass</folder>
	<filename>105. c1df860fdc840b3413d98566f9645b10--play-soccer-soccer-games.jpg</filename>
	<path>D:\Projects\Robot\pictures\downloads\ ball in grass\105. c1df860fdc840b3413d98566f9645b10--play-soccer-soccer-games.jpg</path>
	<source>
		<database>Unknown</database>
	</source>
	<size>
		<width>577</width>
		<height>580</height>
		<depth>3</depth>
	</size>
	<segmented>0</segmented>
	<object>
		<name>ball</name>
		<pose>Unspecified</pose>
		<truncated>1</truncated>
		<difficult>0</difficult>
		<bndbox>
			<xmin>241</xmin>
			<ymin>1</ymin>
			<xmax>574</xmax>
			<ymax>580</ymax>
		</bndbox>
	</object>
</annotation>
