<annotation>
	<folder> ball in grass</folder>
	<filename>106. ball-1850984_960_720.jpg</filename>
	<path>D:\Projects\Robot\pictures\downloads\ ball in grass\106. ball-1850984_960_720.jpg</path>
	<source>
		<database>Unknown</database>
	</source>
	<size>
		<width>960</width>
		<height>640</height>
		<depth>3</depth>
	</size>
	<segmented>0</segmented>
	<object>
		<name>ball</name>
		<pose>Unspecified</pose>
		<truncated>0</truncated>
		<difficult>0</difficult>
		<bndbox>
			<xmin>505</xmin>
			<ymin>247</ymin>
			<xmax>637</xmax>
			<ymax>377</ymax>
		</bndbox>
	</object>
</annotation>
