<annotation>
	<folder> ball in grass</folder>
	<filename>107. high-angle-view-of-tennis-ball-on-grass-court-with-white-line-marking-kj7jnd.jpg</filename>
	<path>D:\Projects\Robot\pictures\downloads\ ball in grass\107. high-angle-view-of-tennis-ball-on-grass-court-with-white-line-marking-kj7jnd.jpg</path>
	<source>
		<database>Unknown</database>
	</source>
	<size>
		<width>450</width>
		<height>320</height>
		<depth>3</depth>
	</size>
	<segmented>0</segmented>
	<object>
		<name>ball</name>
		<pose>Unspecified</pose>
		<truncated>0</truncated>
		<difficult>0</difficult>
		<bndbox>
			<xmin>37</xmin>
			<ymin>137</ymin>
			<xmax>167</xmax>
			<ymax>274</ymax>
		</bndbox>
	</object>
</annotation>
