<annotation>
	<folder> ball in grass</folder>
	<filename>108. 185518858.jpg</filename>
	<path>D:\Projects\Robot\pictures\downloads\ ball in grass\108. 185518858.jpg</path>
	<source>
		<database>Unknown</database>
	</source>
	<size>
		<width>450</width>
		<height>320</height>
		<depth>3</depth>
	</size>
	<segmented>0</segmented>
	<object>
		<name>ball</name>
		<pose>Unspecified</pose>
		<truncated>0</truncated>
		<difficult>0</difficult>
		<bndbox>
			<xmin>162</xmin>
			<ymin>136</ymin>
			<xmax>250</xmax>
			<ymax>222</ymax>
		</bndbox>
	</object>
</annotation>
