<annotation>
	<folder> ball in grass</folder>
	<filename>109. free-soccer-ball-on-grass-clipart-1.jpg</filename>
	<path>D:\Projects\Robot\pictures\downloads\ ball in grass\109. free-soccer-ball-on-grass-clipart-1.jpg</path>
	<source>
		<database>Unknown</database>
	</source>
	<size>
		<width>0</width>
		<height>0</height>
		<depth>3</depth>
	</size>
	<segmented>0</segmented>
	<object>
		<name>ball</name>
		<pose>Unspecified</pose>
		<truncated>0</truncated>
		<difficult>0</difficult>
		<bndbox>
			<xmin>15</xmin>
			<ymin>11</ymin>
			<xmax>298</xmax>
			<ymax>265</ymax>
		</bndbox>
	</object>
</annotation>
