<annotation>
	<folder> ball in grass</folder>
	<filename>110. 16485774-stock-photo-closeup-of-golf-ball-on-green-grass.jpg</filename>
	<path>D:\Projects\Robot\pictures\downloads\ ball in grass\110. 16485774-stock-photo-closeup-of-golf-ball-on-green-grass.jpg</path>
	<source>
		<database>Unknown</database>
	</source>
	<size>
		<width>450</width>
		<height>300</height>
		<depth>3</depth>
	</size>
	<segmented>0</segmented>
	<object>
		<name>ball</name>
		<pose>Unspecified</pose>
		<truncated>0</truncated>
		<difficult>0</difficult>
		<bndbox>
			<xmin>183</xmin>
			<ymin>101</ymin>
			<xmax>267</xmax>
			<ymax>192</ymax>
		</bndbox>
	</object>
</annotation>
