<annotation>
	<folder> ball in grass</folder>
	<filename>111. depositphotos_15750947-stock-photo-soccer-ball-on-grass-iii.jpg</filename>
	<path>D:\Projects\Robot\pictures\downloads\ ball in grass\111. depositphotos_15750947-stock-photo-soccer-ball-on-grass-iii.jpg</path>
	<source>
		<database>Unknown</database>
	</source>
	<size>
		<width>450</width>
		<height>300</height>
		<depth>3</depth>
	</size>
	<segmented>0</segmented>
	<object>
		<name>ball</name>
		<pose>Unspecified</pose>
		<truncated>1</truncated>
		<difficult>0</difficult>
		<bndbox>
			<xmin>198</xmin>
			<ymin>13</ymin>
			<xmax>450</xmax>
			<ymax>297</ymax>
		</bndbox>
	</object>
</annotation>
