<annotation>
	<folder> ball in grass</folder>
	<filename>112. 42-24792816.jpg</filename>
	<path>D:\Projects\Robot\pictures\downloads\ ball in grass\112. 42-24792816.jpg</path>
	<source>
		<database>Unknown</database>
	</source>
	<size>
		<width>480</width>
		<height>320</height>
		<depth>3</depth>
	</size>
	<segmented>0</segmented>
	<object>
		<name>ball</name>
		<pose>Unspecified</pose>
		<truncated>0</truncated>
		<difficult>0</difficult>
		<bndbox>
			<xmin>101</xmin>
			<ymin>90</ymin>
			<xmax>315</xmax>
			<ymax>289</ymax>
		</bndbox>
	</object>
</annotation>
