<annotation>
	<folder> ball in grass</folder>
	<filename>113. fun-springtime-outdoor-activities.jpg</filename>
	<path>D:\Projects\Robot\pictures\downloads\ ball in grass\113. fun-springtime-outdoor-activities.jpg</path>
	<source>
		<database>Unknown</database>
	</source>
	<size>
		<width>508</width>
		<height>338</height>
		<depth>3</depth>
	</size>
	<segmented>0</segmented>
	<object>
		<name>ball</name>
		<pose>Unspecified</pose>
		<truncated>0</truncated>
		<difficult>0</difficult>
		<bndbox>
			<xmin>289</xmin>
			<ymin>178</ymin>
			<xmax>414</xmax>
			<ymax>305</ymax>
		</bndbox>
	</object>
</annotation>
