<annotation>
	<folder> ball in grass</folder>
	<filename>114. scoreboard-soccer-ball-grass-field-28719446.jpg</filename>
	<path>D:\Projects\Robot\pictures\downloads\ ball in grass\114. scoreboard-soccer-ball-grass-field-28719446.jpg</path>
	<source>
		<database>Unknown</database>
	</source>
	<size>
		<width>800</width>
		<height>533</height>
		<depth>3</depth>
	</size>
	<segmented>0</segmented>
	<object>
		<name>ball</name>
		<pose>Unspecified</pose>
		<truncated>0</truncated>
		<difficult>0</difficult>
		<bndbox>
			<xmin>418</xmin>
			<ymin>105</ymin>
			<xmax>691</xmax>
			<ymax>370</ymax>
		</bndbox>
	</object>
</annotation>
