<annotation>
	<folder> ball in grass</folder>
	<filename>116. semantron-grasstennis.jpg</filename>
	<path>D:\Projects\Robot\pictures\downloads\ ball in grass\116. semantron-grasstennis.jpg</path>
	<source>
		<database>Unknown</database>
	</source>
	<size>
		<width>750</width>
		<height>330</height>
		<depth>3</depth>
	</size>
	<segmented>0</segmented>
	<object>
		<name>ball</name>
		<pose>Unspecified</pose>
		<truncated>0</truncated>
		<difficult>0</difficult>
		<bndbox>
			<xmin>401</xmin>
			<ymin>146</ymin>
			<xmax>537</xmax>
			<ymax>287</ymax>
		</bndbox>
	</object>
</annotation>
