<annotation>
	<folder> ball in grass</folder>
	<filename>117. canva-soccer-ball-on-grass-at-goal-and-stadium-in-background-maaxis6lhmw.jpg</filename>
	<path>D:\Projects\Robot\pictures\downloads\ ball in grass\117. canva-soccer-ball-on-grass-at-goal-and-stadium-in-background-maaxis6lhmw.jpg</path>
	<source>
		<database>Unknown</database>
	</source>
	<size>
		<width>800</width>
		<height>533</height>
		<depth>3</depth>
	</size>
	<segmented>0</segmented>
	<object>
		<name>ball</name>
		<pose>Unspecified</pose>
		<truncated>0</truncated>
		<difficult>0</difficult>
		<bndbox>
			<xmin>506</xmin>
			<ymin>300</ymin>
			<xmax>610</xmax>
			<ymax>392</ymax>
		</bndbox>
	</object>
</annotation>
