<annotation>
	<folder> ball in grass</folder>
	<filename>118. isolated-golf-ball-on-green-grass-over-stock-photography__k7850371.jpg</filename>
	<path>D:\Projects\Robot\pictures\downloads\ ball in grass\118. isolated-golf-ball-on-green-grass-over-stock-photography__k7850371.jpg</path>
	<source>
		<database>Unknown</database>
	</source>
	<size>
		<width>450</width>
		<height>319</height>
		<depth>3</depth>
	</size>
	<segmented>0</segmented>
	<object>
		<name>ball</name>
		<pose>Unspecified</pose>
		<truncated>0</truncated>
		<difficult>0</difficult>
		<bndbox>
			<xmin>287</xmin>
			<ymin>181</ymin>
			<xmax>385</xmax>
			<ymax>279</ymax>
		</bndbox>
	</object>
</annotation>
