<annotation>
	<folder> ball in grass</folder>
	<filename>119. 2507286-a-soccer-ball-and-tennis-balls-on-artificial-grass.jpg</filename>
	<path>D:\Projects\Robot\pictures\downloads\ ball in grass\119. 2507286-a-soccer-ball-and-tennis-balls-on-artificial-grass.jpg</path>
	<source>
		<database>Unknown</database>
	</source>
	<size>
		<width>600</width>
		<height>800</height>
		<depth>3</depth>
	</size>
	<segmented>0</segmented>
	<object>
		<name>ball</name>
		<pose>Unspecified</pose>
		<truncated>0</truncated>
		<difficult>0</difficult>
		<bndbox>
			<xmin>158</xmin>
			<ymin>131</ymin>
			<xmax>482</xmax>
			<ymax>464</ymax>
		</bndbox>
	</object>
	<object>
		<name>ball</name>
		<pose>Unspecified</pose>
		<truncated>0</truncated>
		<difficult>0</difficult>
		<bndbox>
			<xmin>113</xmin>
			<ymin>415</ymin>
			<xmax>228</xmax>
			<ymax>535</ymax>
		</bndbox>
	</object>
	<object>
		<name>ball</name>
		<pose>Unspecified</pose>
		<truncated>0</truncated>
		<difficult>0</difficult>
		<bndbox>
			<xmin>179</xmin>
			<ymin>510</ymin>
			<xmax>305</xmax>
			<ymax>633</ymax>
		</bndbox>
	</object>
</annotation>
