<annotation>
	<folder> ball in grass</folder>
	<filename>120. football-1513158_960_720.jpg</filename>
	<path>D:\Projects\Robot\pictures\downloads\ ball in grass\120. football-1513158_960_720.jpg</path>
	<source>
		<database>Unknown</database>
	</source>
	<size>
		<width>960</width>
		<height>539</height>
		<depth>3</depth>
	</size>
	<segmented>0</segmented>
	<object>
		<name>ball</name>
		<pose>Unspecified</pose>
		<truncated>0</truncated>
		<difficult>0</difficult>
		<bndbox>
			<xmin>254</xmin>
			<ymin>22</ymin>
			<xmax>595</xmax>
			<ymax>384</ymax>
		</bndbox>
	</object>
</annotation>
