<annotation>
	<folder> ball in grass</folder>
	<filename>121. 27376614-soccer-ball-on-grass-background-vector.jpg</filename>
	<path>D:\Projects\Robot\pictures\downloads\ ball in grass\121. 27376614-soccer-ball-on-grass-background-vector.jpg</path>
	<source>
		<database>Unknown</database>
	</source>
	<size>
		<width>450</width>
		<height>450</height>
		<depth>3</depth>
	</size>
	<segmented>0</segmented>
	<object>
		<name>ball</name>
		<pose>Unspecified</pose>
		<truncated>0</truncated>
		<difficult>0</difficult>
		<bndbox>
			<xmin>173</xmin>
			<ymin>84</ymin>
			<xmax>280</xmax>
			<ymax>187</ymax>
		</bndbox>
	</object>
</annotation>
