<annotation>
	<folder> ball in grass</folder>
	<filename>122. photo-of-a-baseball-glove-and-ball-on-grass-bwmkcr.jpg</filename>
	<path>D:\Projects\Robot\pictures\downloads\ ball in grass\122. photo-of-a-baseball-glove-and-ball-on-grass-bwmkcr.jpg</path>
	<source>
		<database>Unknown</database>
	</source>
	<size>
		<width>450</width>
		<height>320</height>
		<depth>3</depth>
	</size>
	<segmented>0</segmented>
	<object>
		<name>ball</name>
		<pose>Unspecified</pose>
		<truncated>0</truncated>
		<difficult>0</difficult>
		<bndbox>
			<xmin>178</xmin>
			<ymin>157</ymin>
			<xmax>237</xmax>
			<ymax>227</ymax>
		</bndbox>
	</object>
</annotation>
