<annotation>
	<folder> ball in grass</folder>
	<filename>123. depositphotos_47466877-stock-photo-soccer-ball-on-soccer-field.jpg</filename>
	<path>D:\Projects\Robot\pictures\downloads\ ball in grass\123. depositphotos_47466877-stock-photo-soccer-ball-on-soccer-field.jpg</path>
	<source>
		<database>Unknown</database>
	</source>
	<size>
		<width>450</width>
		<height>450</height>
		<depth>3</depth>
	</size>
	<segmented>0</segmented>
	<object>
		<name>ball</name>
		<pose>Unspecified</pose>
		<truncated>0</truncated>
		<difficult>0</difficult>
		<bndbox>
			<xmin>212</xmin>
			<ymin>257</ymin>
			<xmax>347</xmax>
			<ymax>391</ymax>
		</bndbox>
	</object>
</annotation>
