<annotation>
	<folder> ball in grass</folder>
	<filename>124. 240_f_113713886_l1lpdkqlbgv8cksnh3mja6iiex3lbllc.jpg</filename>
	<path>D:\Projects\Robot\pictures\downloads\ ball in grass\124. 240_f_113713886_l1lpdkqlbgv8cksnh3mja6iiex3lbllc.jpg</path>
	<source>
		<database>Unknown</database>
	</source>
	<size>
		<width>600</width>
		<height>240</height>
		<depth>3</depth>
	</size>
	<segmented>0</segmented>
	<object>
		<name>ball</name>
		<pose>Unspecified</pose>
		<truncated>0</truncated>
		<difficult>0</difficult>
		<bndbox>
			<xmin>378</xmin>
			<ymin>31</ymin>
			<xmax>567</xmax>
			<ymax>214</ymax>
		</bndbox>
	</object>
</annotation>
