<annotation>
	<folder> ball in grass</folder>
	<filename>125. 240_f_197677061_6kgb6vxwsvlm3xeic6yetoskfo9nmtqi.jpg</filename>
	<path>D:\Projects\Robot\pictures\downloads\ ball in grass\125. 240_f_197677061_6kgb6vxwsvlm3xeic6yetoskfo9nmtqi.jpg</path>
	<source>
		<database>Unknown</database>
	</source>
	<size>
		<width>721</width>
		<height>240</height>
		<depth>3</depth>
	</size>
	<segmented>0</segmented>
	<object>
		<name>ball</name>
		<pose>Unspecified</pose>
		<truncated>0</truncated>
		<difficult>0</difficult>
		<bndbox>
			<xmin>419</xmin>
			<ymin>18</ymin>
			<xmax>568</xmax>
			<ymax>168</ymax>
		</bndbox>
	</object>
</annotation>
