<annotation>
	<folder> ball in grass</folder>
	<filename>126. tennis_ball_on_grass_court_4ed51ed2984023f99c6b4a0829b70357.jpg</filename>
	<path>D:\Projects\Robot\pictures\downloads\ ball in grass\126. tennis_ball_on_grass_court_4ed51ed2984023f99c6b4a0829b70357.jpg</path>
	<source>
		<database>Unknown</database>
	</source>
	<size>
		<width>700</width>
		<height>375</height>
		<depth>3</depth>
	</size>
	<segmented>0</segmented>
	<object>
		<name>ball</name>
		<pose>Unspecified</pose>
		<truncated>0</truncated>
		<difficult>0</difficult>
		<bndbox>
			<xmin>312</xmin>
			<ymin>149</ymin>
			<xmax>426</xmax>
			<ymax>262</ymax>
		</bndbox>
	</object>
</annotation>
