<annotation>
	<folder> ball in grass</folder>
	<filename>127. stock-vector-poster-template-with-football-ball-on-grass-field-cup-and-tournament-statistics-sport-event-525490531.jpg</filename>
	<path>D:\Projects\Robot\pictures\downloads\ ball in grass\127. stock-vector-poster-template-with-football-ball-on-grass-field-cup-and-tournament-statistics-sport-event-525490531.jpg</path>
	<source>
		<database>Unknown</database>
	</source>
	<size>
		<width>450</width>
		<height>335</height>
		<depth>3</depth>
	</size>
	<segmented>0</segmented>
	<object>
		<name>ball</name>
		<pose>Unspecified</pose>
		<truncated>0</truncated>
		<difficult>0</difficult>
		<bndbox>
			<xmin>149</xmin>
			<ymin>77</ymin>
			<xmax>301</xmax>
			<ymax>229</ymax>
		</bndbox>
	</object>
</annotation>
