<annotation>
	<folder> ball in grass</folder>
	<filename>128. soccer-ball-with-grass-eps-vector_csp22100640.jpg</filename>
	<path>D:\Projects\Robot\pictures\downloads\ ball in grass\128. soccer-ball-with-grass-eps-vector_csp22100640.jpg</path>
	<source>
		<database>Unknown</database>
	</source>
	<size>
		<width>450</width>
		<height>367</height>
		<depth>3</depth>
	</size>
	<segmented>0</segmented>
	<object>
		<name>ball</name>
		<pose>Unspecified</pose>
		<truncated>1</truncated>
		<difficult>0</difficult>
		<bndbox>
			<xmin>57</xmin>
			<ymin>1</ymin>
			<xmax>372</xmax>
			<ymax>291</ymax>
		</bndbox>
	</object>
</annotation>
