<annotation>
	<folder> ball in grass</folder>
	<filename>129. classic-ball-football-grass-22492925.jpg</filename>
	<path>D:\Projects\Robot\pictures\downloads\ ball in grass\129. classic-ball-football-grass-22492925.jpg</path>
	<source>
		<database>Unknown</database>
	</source>
	<size>
		<width>800</width>
		<height>533</height>
		<depth>3</depth>
	</size>
	<segmented>0</segmented>
	<object>
		<name>ball</name>
		<pose>Unspecified</pose>
		<truncated>0</truncated>
		<difficult>0</difficult>
		<bndbox>
			<xmin>167</xmin>
			<ymin>181</ymin>
			<xmax>499</xmax>
			<ymax>480</ymax>
		</bndbox>
	</object>
</annotation>
