<annotation>
	<folder> ball in grass</folder>
	<filename>130. rugby-world-cup-2015.jpg</filename>
	<path>D:\Projects\Robot\pictures\downloads\ ball in grass\130. rugby-world-cup-2015.jpg</path>
	<source>
		<database>Unknown</database>
	</source>
	<size>
		<width>667</width>
		<height>373</height>
		<depth>3</depth>
	</size>
	<segmented>0</segmented>
	<object>
		<name>ball</name>
		<pose>Unspecified</pose>
		<truncated>0</truncated>
		<difficult>0</difficult>
		<bndbox>
			<xmin>215</xmin>
			<ymin>46</ymin>
			<xmax>653</xmax>
			<ymax>314</ymax>
		</bndbox>
	</object>
</annotation>
