<annotation>
	<folder> ball in grass</folder>
	<filename>131. 240_f_197677230_norvqwfb1jver9bnncfc37wqxnvbi85v.jpg</filename>
	<path>D:\Projects\Robot\pictures\downloads\ ball in grass\131. 240_f_197677230_norvqwfb1jver9bnncfc37wqxnvbi85v.jpg</path>
	<source>
		<database>Unknown</database>
	</source>
	<size>
		<width>721</width>
		<height>240</height>
		<depth>3</depth>
	</size>
	<segmented>0</segmented>
	<object>
		<name>ball</name>
		<pose>Unspecified</pose>
		<truncated>0</truncated>
		<difficult>0</difficult>
		<bndbox>
			<xmin>517</xmin>
			<ymin>98</ymin>
			<xmax>601</xmax>
			<ymax>182</ymax>
		</bndbox>
	</object>
</annotation>
