<annotation>
	<folder> ball in grass</folder>
	<filename>132. golf-balls-on-grass-1007164.jpg</filename>
	<path>D:\Projects\Robot\pictures\downloads\ ball in grass\132. golf-balls-on-grass-1007164.jpg</path>
	<source>
		<database>Unknown</database>
	</source>
	<size>
		<width>400</width>
		<height>308</height>
		<depth>3</depth>
	</size>
	<segmented>0</segmented>
	<object>
		<name>ball</name>
		<pose>Unspecified</pose>
		<truncated>0</truncated>
		<difficult>0</difficult>
		<bndbox>
			<xmin>176</xmin>
			<ymin>118</ymin>
			<xmax>355</xmax>
			<ymax>276</ymax>
		</bndbox>
	</object>
	<object>
		<name>ball</name>
		<pose>Unspecified</pose>
		<truncated>0</truncated>
		<difficult>0</difficult>
		<bndbox>
			<xmin>67</xmin>
			<ymin>94</ymin>
			<xmax>155</xmax>
			<ymax>176</ymax>
		</bndbox>
	</object>
	<object>
		<name>ball</name>
		<pose>Unspecified</pose>
		<truncated>0</truncated>
		<difficult>0</difficult>
		<bndbox>
			<xmin>189</xmin>
			<ymin>56</ymin>
			<xmax>252</xmax>
			<ymax>118</ymax>
		</bndbox>
	</object>
</annotation>
