<annotation>
	<folder> ball in grass</folder>
	<filename>133. ew_g_fifa_ball_b1_800x450.jpg</filename>
	<path>D:\Projects\Robot\pictures\downloads\ ball in grass\133. ew_g_fifa_ball_b1_800x450.jpg</path>
	<source>
		<database>Unknown</database>
	</source>
	<size>
		<width>800</width>
		<height>450</height>
		<depth>3</depth>
	</size>
	<segmented>0</segmented>
	<object>
		<name>ball</name>
		<pose>Unspecified</pose>
		<truncated>0</truncated>
		<difficult>0</difficult>
		<bndbox>
			<xmin>527</xmin>
			<ymin>32</ymin>
			<xmax>741</xmax>
			<ymax>237</ymax>
		</bndbox>
	</object>
</annotation>
