<annotation>
	<folder> ball in grass</folder>
	<filename>135. free-soccer-ball-on-grass-clipart-6.jpg</filename>
	<path>D:\Projects\Robot\pictures\downloads\ ball in grass\135. free-soccer-ball-on-grass-clipart-6.jpg</path>
	<source>
		<database>Unknown</database>
	</source>
	<size>
		<width>1300</width>
		<height>424</height>
		<depth>3</depth>
	</size>
	<segmented>0</segmented>
	<object>
		<name>ball</name>
		<pose>Unspecified</pose>
		<truncated>0</truncated>
		<difficult>0</difficult>
		<bndbox>
			<xmin>731</xmin>
			<ymin>49</ymin>
			<xmax>1007</xmax>
			<ymax>319</ymax>
		</bndbox>
	</object>
</annotation>
