<annotation>
	<folder> ball in grass</folder>
	<filename>137. 2819469-soccer-ball-in-the-grass-and-the-flag-of-ireland-against-the-blue-sky.jpg</filename>
	<path>D:\Projects\Robot\pictures\downloads\ ball in grass\137. 2819469-soccer-ball-in-the-grass-and-the-flag-of-ireland-against-the-blue-sky.jpg</path>
	<source>
		<database>Unknown</database>
	</source>
	<size>
		<width>800</width>
		<height>800</height>
		<depth>3</depth>
	</size>
	<segmented>0</segmented>
	<object>
		<name>ball</name>
		<pose>Unspecified</pose>
		<truncated>0</truncated>
		<difficult>0</difficult>
		<bndbox>
			<xmin>387</xmin>
			<ymin>418</ymin>
			<xmax>761</xmax>
			<ymax>740</ymax>
		</bndbox>
	</object>
</annotation>
