<annotation>
	<folder> ball in grass</folder>
	<filename>138. grass-field-clipart-38.jpg</filename>
	<path>D:\Projects\Robot\pictures\downloads\ ball in grass\138. grass-field-clipart-38.jpg</path>
	<source>
		<database>Unknown</database>
	</source>
	<size>
		<width>322</width>
		<height>425</height>
		<depth>3</depth>
	</size>
	<segmented>0</segmented>
	<object>
		<name>ball</name>
		<pose>Unspecified</pose>
		<truncated>0</truncated>
		<difficult>0</difficult>
		<bndbox>
			<xmin>6</xmin>
			<ymin>75</ymin>
			<xmax>104</xmax>
			<ymax>173</ymax>
		</bndbox>
	</object>
</annotation>
