<annotation>
	<folder> ball in grass</folder>
	<filename>139. b9319648924z.1_20151110162926_000_gioch6kjg.1-0.jpg</filename>
	<path>D:\Projects\Robot\pictures\downloads\ ball in grass\139. b9319648924z.1_20151110162926_000_gioch6kjg.1-0.jpg</path>
	<source>
		<database>Unknown</database>
	</source>
	<size>
		<width>534</width>
		<height>401</height>
		<depth>3</depth>
	</size>
	<segmented>0</segmented>
	<object>
		<name>ball</name>
		<pose>Unspecified</pose>
		<truncated>0</truncated>
		<difficult>0</difficult>
		<bndbox>
			<xmin>73</xmin>
			<ymin>45</ymin>
			<xmax>385</xmax>
			<ymax>356</ymax>
		</bndbox>
	</object>
</annotation>
