<annotation>
	<folder> ball in grass</folder>
	<filename>140. rugby-ball-on-grass-fbkhbd.jpg</filename>
	<path>D:\Projects\Robot\pictures\downloads\ ball in grass\140. rugby-ball-on-grass-fbkhbd.jpg</path>
	<source>
		<database>Unknown</database>
	</source>
	<size>
		<width>640</width>
		<height>447</height>
		<depth>3</depth>
	</size>
	<segmented>0</segmented>
	<object>
		<name>ball</name>
		<pose>Unspecified</pose>
		<truncated>0</truncated>
		<difficult>0</difficult>
		<bndbox>
			<xmin>278</xmin>
			<ymin>133</ymin>
			<xmax>366</xmax>
			<ymax>289</ymax>
		</bndbox>
	</object>
</annotation>
