<annotation>
	<folder> ball in grass</folder>
	<filename>141. two-tennis-balls-june-2015.jpg</filename>
	<path>D:\Projects\Robot\pictures\downloads\ ball in grass\141. two-tennis-balls-june-2015.jpg</path>
	<source>
		<database>Unknown</database>
	</source>
	<size>
		<width>1200</width>
		<height>627</height>
		<depth>3</depth>
	</size>
	<segmented>0</segmented>
	<object>
		<name>ball</name>
		<pose>Unspecified</pose>
		<truncated>0</truncated>
		<difficult>0</difficult>
		<bndbox>
			<xmin>270</xmin>
			<ymin>170</ymin>
			<xmax>507</xmax>
			<ymax>402</ymax>
		</bndbox>
	</object>
	<object>
		<name>ball</name>
		<pose>Unspecified</pose>
		<truncated>0</truncated>
		<difficult>0</difficult>
		<bndbox>
			<xmin>529</xmin>
			<ymin>113</ymin>
			<xmax>741</xmax>
			<ymax>321</ymax>
		</bndbox>
	</object>
</annotation>
