<annotation>
	<folder> ball in grass</folder>
	<filename>142. depositphotos_166204818-stock-photo-the-football-is-near-line.jpg</filename>
	<path>D:\Projects\Robot\pictures\downloads\ ball in grass\142. depositphotos_166204818-stock-photo-the-football-is-near-line.jpg</path>
	<source>
		<database>Unknown</database>
	</source>
	<size>
		<width>449</width>
		<height>297</height>
		<depth>3</depth>
	</size>
	<segmented>0</segmented>
	<object>
		<name>ball</name>
		<pose>Unspecified</pose>
		<truncated>0</truncated>
		<difficult>0</difficult>
		<bndbox>
			<xmin>207</xmin>
			<ymin>136</ymin>
			<xmax>322</xmax>
			<ymax>254</ymax>
		</bndbox>
	</object>
</annotation>
