<annotation>
	<folder> ball in grass</folder>
	<filename>143. golf-balls-on-green-grass_1284-3388.jpg</filename>
	<path>D:\Projects\Robot\pictures\downloads\ ball in grass\143. golf-balls-on-green-grass_1284-3388.jpg</path>
	<source>
		<database>Unknown</database>
	</source>
	<size>
		<width>626</width>
		<height>626</height>
		<depth>3</depth>
	</size>
	<segmented>0</segmented>
	<object>
		<name>ball</name>
		<pose>Unspecified</pose>
		<truncated>0</truncated>
		<difficult>0</difficult>
		<bndbox>
			<xmin>342</xmin>
			<ymin>193</ymin>
			<xmax>546</xmax>
			<ymax>406</ymax>
		</bndbox>
	</object>
	<object>
		<name>ball</name>
		<pose>Unspecified</pose>
		<truncated>0</truncated>
		<difficult>0</difficult>
		<bndbox>
			<xmin>192</xmin>
			<ymin>219</ymin>
			<xmax>361</xmax>
			<ymax>399</ymax>
		</bndbox>
	</object>
	<object>
		<name>ball</name>
		<pose>Unspecified</pose>
		<truncated>0</truncated>
		<difficult>0</difficult>
		<bndbox>
			<xmin>68</xmin>
			<ymin>243</ymin>
			<xmax>214</xmax>
			<ymax>392</ymax>
		</bndbox>
	</object>
</annotation>
