<annotation>
	<folder> ball in grass</folder>
	<filename>144. green-932350_960_720.jpg</filename>
	<path>D:\Projects\Robot\pictures\downloads\ ball in grass\144. green-932350_960_720.jpg</path>
	<source>
		<database>Unknown</database>
	</source>
	<size>
		<width>960</width>
		<height>637</height>
		<depth>3</depth>
	</size>
	<segmented>0</segmented>
	<object>
		<name>ball</name>
		<pose>Unspecified</pose>
		<truncated>0</truncated>
		<difficult>0</difficult>
		<bndbox>
			<xmin>394</xmin>
			<ymin>130</ymin>
			<xmax>792</xmax>
			<ymax>484</ymax>
		</bndbox>
	</object>
</annotation>
