<annotation>
	<folder> ball in grass</folder>
	<filename>145. tennis-ball-grass-25103098.jpg</filename>
	<path>D:\Projects\Robot\pictures\downloads\ ball in grass\145. tennis-ball-grass-25103098.jpg</path>
	<source>
		<database>Unknown</database>
	</source>
	<size>
		<width>800</width>
		<height>532</height>
		<depth>3</depth>
	</size>
	<segmented>0</segmented>
	<object>
		<name>ball</name>
		<pose>Unspecified</pose>
		<truncated>0</truncated>
		<difficult>0</difficult>
		<bndbox>
			<xmin>499</xmin>
			<ymin>176</ymin>
			<xmax>776</xmax>
			<ymax>436</ymax>
		</bndbox>
	</object>
</annotation>
