<annotation>
	<folder> ball in grass</folder>
	<filename>146. 1564569_stock-photo-soccer-ball-on-grass.jpg</filename>
	<path>D:\Projects\Robot\pictures\downloads\ ball in grass\146. 1564569_stock-photo-soccer-ball-on-grass.jpg</path>
	<source>
		<database>Unknown</database>
	</source>
	<size>
		<width>600</width>
		<height>600</height>
		<depth>3</depth>
	</size>
	<segmented>0</segmented>
	<object>
		<name>ball</name>
		<pose>Unspecified</pose>
		<truncated>0</truncated>
		<difficult>0</difficult>
		<bndbox>
			<xmin>156</xmin>
			<ymin>233</ymin>
			<xmax>432</xmax>
			<ymax>514</ymax>
		</bndbox>
	</object>
</annotation>
