<annotation>
	<folder> ball in grass</folder>
	<filename>147. canva-soccer-ball-on-grass-at-goal-and-stadium-in-background-maaxix18d8y.jpg</filename>
	<path>D:\Projects\Robot\pictures\downloads\ ball in grass\147. canva-soccer-ball-on-grass-at-goal-and-stadium-in-background-maaxix18d8y.jpg</path>
	<source>
		<database>Unknown</database>
	</source>
	<size>
		<width>800</width>
		<height>533</height>
		<depth>3</depth>
	</size>
	<segmented>0</segmented>
	<object>
		<name>ball</name>
		<pose>Unspecified</pose>
		<truncated>0</truncated>
		<difficult>0</difficult>
		<bndbox>
			<xmin>263</xmin>
			<ymin>308</ymin>
			<xmax>314</xmax>
			<ymax>361</ymax>
		</bndbox>
	</object>
</annotation>
