<annotation>
	<folder> ball in grass</folder>
	<filename>148. an-old-ball-on-the-grass-3981x2650_52536.jpg</filename>
	<path>D:\Projects\Robot\pictures\downloads\ ball in grass\148. an-old-ball-on-the-grass-3981x2650_52536.jpg</path>
	<source>
		<database>Unknown</database>
	</source>
	<size>
		<width>640</width>
		<height>426</height>
		<depth>3</depth>
	</size>
	<segmented>0</segmented>
	<object>
		<name>ball</name>
		<pose>Unspecified</pose>
		<truncated>0</truncated>
		<difficult>0</difficult>
		<bndbox>
			<xmin>94</xmin>
			<ymin>75</ymin>
			<xmax>347</xmax>
			<ymax>322</ymax>
		</bndbox>
	</object>
</annotation>
