<annotation>
	<folder> ball in grass</folder>
	<filename>149. the-ball-stadion-football-the-pitch-46798.jpeg</filename>
	<path>D:\Projects\Robot\pictures\downloads\ ball in grass\149. the-ball-stadion-football-the-pitch-46798.jpeg</path>
	<source>
		<database>Unknown</database>
	</source>
	<size>
		<width>525</width>
		<height>350</height>
		<depth>3</depth>
	</size>
	<segmented>0</segmented>
	<object>
		<name>ball</name>
		<pose>Unspecified</pose>
		<truncated>0</truncated>
		<difficult>0</difficult>
		<bndbox>
			<xmin>314</xmin>
			<ymin>151</ymin>
			<xmax>443</xmax>
			<ymax>272</ymax>
		</bndbox>
	</object>
</annotation>
