<annotation>
	<folder> ball in grass</folder>
	<filename>150. boccebenimoto-56a75b985f9b58b7d0e98477.jpg</filename>
	<path>D:\Projects\Robot\pictures\downloads\ ball in grass\150. boccebenimoto-56a75b985f9b58b7d0e98477.jpg</path>
	<source>
		<database>Unknown</database>
	</source>
	<size>
		<width>375</width>
		<height>500</height>
		<depth>3</depth>
	</size>
	<segmented>0</segmented>
	<object>
		<name>ball</name>
		<pose>Unspecified</pose>
		<truncated>0</truncated>
		<difficult>0</difficult>
		<bndbox>
			<xmin>116</xmin>
			<ymin>348</ymin>
			<xmax>152</xmax>
			<ymax>383</ymax>
		</bndbox>
	</object>
	<object>
		<name>ball</name>
		<pose>Unspecified</pose>
		<truncated>0</truncated>
		<difficult>0</difficult>
		<bndbox>
			<xmin>203</xmin>
			<ymin>210</ymin>
			<xmax>229</xmax>
			<ymax>237</ymax>
		</bndbox>
	</object>
	<object>
		<name>ball</name>
		<pose>Unspecified</pose>
		<truncated>0</truncated>
		<difficult>0</difficult>
		<bndbox>
			<xmin>311</xmin>
			<ymin>280</ymin>
			<xmax>341</xmax>
			<ymax>305</ymax>
		</bndbox>
	</object>
	<object>
		<name>ball</name>
		<pose>Unspecified</pose>
		<truncated>0</truncated>
		<difficult>0</difficult>
		<bndbox>
			<xmin>345</xmin>
			<ymin>317</ymin>
			<xmax>362</xmax>
			<ymax>338</ymax>
		</bndbox>
	</object>
</annotation>
