<annotation>
	<folder> ball in grass</folder>
	<filename>151. wall-murals-soccer-football-field-stadium-grass-line-ball-background.png</filename>
	<path>D:\Projects\Robot\pictures\downloads\ ball in grass\151. wall-murals-soccer-football-field-stadium-grass-line-ball-background.png</path>
	<source>
		<database>Unknown</database>
	</source>
	<size>
		<width>400</width>
		<height>400</height>
		<depth>3</depth>
	</size>
	<segmented>0</segmented>
	<object>
		<name>ball</name>
		<pose>Unspecified</pose>
		<truncated>0</truncated>
		<difficult>0</difficult>
		<bndbox>
			<xmin>92</xmin>
			<ymin>166</ymin>
			<xmax>168</xmax>
			<ymax>244</ymax>
		</bndbox>
	</object>
</annotation>
