<annotation>
	<folder> ball in grass</folder>
	<filename>152. assortment-of-sport-balls-on-grass-2813782.jpg</filename>
	<path>D:\Projects\Robot\pictures\downloads\ ball in grass\152. assortment-of-sport-balls-on-grass-2813782.jpg</path>
	<source>
		<database>Unknown</database>
	</source>
	<size>
		<width>512</width>
		<height>295</height>
		<depth>3</depth>
	</size>
	<segmented>0</segmented>
	<object>
		<name>ball</name>
		<pose>Unspecified</pose>
		<truncated>0</truncated>
		<difficult>0</difficult>
		<bndbox>
			<xmin>241</xmin>
			<ymin>201</ymin>
			<xmax>288</xmax>
			<ymax>252</ymax>
		</bndbox>
	</object>
	<object>
		<name>ball</name>
		<pose>Unspecified</pose>
		<truncated>0</truncated>
		<difficult>0</difficult>
		<bndbox>
			<xmin>237</xmin>
			<ymin>31</ymin>
			<xmax>402</xmax>
			<ymax>192</ymax>
		</bndbox>
	</object>
	<object>
		<name>ball</name>
		<pose>Unspecified</pose>
		<truncated>1</truncated>
		<difficult>0</difficult>
		<bndbox>
			<xmin>81</xmin>
			<ymin>1</ymin>
			<xmax>251</xmax>
			<ymax>135</ymax>
		</bndbox>
	</object>
	<object>
		<name>ball</name>
		<pose>Unspecified</pose>
		<truncated>0</truncated>
		<difficult>0</difficult>
		<bndbox>
			<xmin>46</xmin>
			<ymin>110</ymin>
			<xmax>208</xmax>
			<ymax>274</ymax>
		</bndbox>
	</object>
</annotation>
