<annotation>
	<folder> ball in grass</folder>
	<filename>153. 29619763-classic-soccer-ball-on-fresh-green-lawn.jpg</filename>
	<path>D:\Projects\Robot\pictures\downloads\ ball in grass\153. 29619763-classic-soccer-ball-on-fresh-green-lawn.jpg</path>
	<source>
		<database>Unknown</database>
	</source>
	<size>
		<width>450</width>
		<height>300</height>
		<depth>3</depth>
	</size>
	<segmented>0</segmented>
	<object>
		<name>ball</name>
		<pose>Unspecified</pose>
		<truncated>0</truncated>
		<difficult>0</difficult>
		<bndbox>
			<xmin>68</xmin>
			<ymin>51</ymin>
			<xmax>251</xmax>
			<ymax>229</ymax>
		</bndbox>
	</object>
</annotation>
