<annotation>
	<folder> ball in grass</folder>
	<filename>154. 4.jpg</filename>
	<path>D:\Projects\Robot\pictures\downloads\ ball in grass\154. 4.jpg</path>
	<source>
		<database>Unknown</database>
	</source>
	<size>
		<width>852</width>
		<height>480</height>
		<depth>3</depth>
	</size>
	<segmented>0</segmented>
	<object>
		<name>ball</name>
		<pose>Unspecified</pose>
		<truncated>0</truncated>
		<difficult>0</difficult>
		<bndbox>
			<xmin>224</xmin>
			<ymin>26</ymin>
			<xmax>532</xmax>
			<ymax>343</ymax>
		</bndbox>
	</object>
</annotation>
