<annotation>
	<folder> ball in grass</folder>
	<filename>155. shiny_ball_on_grass-500x500.jpg</filename>
	<path>D:\Projects\Robot\pictures\downloads\ ball in grass\155. shiny_ball_on_grass-500x500.jpg</path>
	<source>
		<database>Unknown</database>
	</source>
	<size>
		<width>500</width>
		<height>500</height>
		<depth>3</depth>
	</size>
	<segmented>0</segmented>
	<object>
		<name>ball</name>
		<pose>Unspecified</pose>
		<truncated>0</truncated>
		<difficult>0</difficult>
		<bndbox>
			<xmin>112</xmin>
			<ymin>107</ymin>
			<xmax>401</xmax>
			<ymax>397</ymax>
		</bndbox>
	</object>
</annotation>
