<annotation>
	<folder> ball in grass</folder>
	<filename>156. 9318310-soccer-football-players-kicking-to-soccer-ball-on-green-grass-field-with-splashing-of-transparent-water-against-black-background.jpg</filename>
	<path>D:\Projects\Robot\pictures\downloads\ ball in grass\156. 9318310-soccer-football-players-kicking-to-soccer-ball-on-green-grass-field-with-splashing-of-transparent-water-against-black-background.jpg</path>
	<source>
		<database>Unknown</database>
	</source>
	<size>
		<width>800</width>
		<height>643</height>
		<depth>3</depth>
	</size>
	<segmented>0</segmented>
	<object>
		<name>ball</name>
		<pose>Unspecified</pose>
		<truncated>0</truncated>
		<difficult>0</difficult>
		<bndbox>
			<xmin>467</xmin>
			<ymin>290</ymin>
			<xmax>687</xmax>
			<ymax>514</ymax>
		</bndbox>
	</object>
</annotation>
