<annotation>
	<folder> ball in grass</folder>
	<filename>158. a-golf-ball-in-the-grass_art.jpg</filename>
	<path>D:\Projects\Robot\pictures\downloads\ ball in grass\158. a-golf-ball-in-the-grass_art.jpg</path>
	<source>
		<database>Unknown</database>
	</source>
	<size>
		<width>650</width>
		<height>650</height>
		<depth>3</depth>
	</size>
	<segmented>0</segmented>
	<object>
		<name>ball</name>
		<pose>Unspecified</pose>
		<truncated>0</truncated>
		<difficult>0</difficult>
		<bndbox>
			<xmin>237</xmin>
			<ymin>397</ymin>
			<xmax>495</xmax>
			<ymax>632</ymax>
		</bndbox>
	</object>
</annotation>
