<annotation>
	<folder> ball in grass</folder>
	<filename>159. close-up-of-ball-on-grass-700840731-58e3a4473df78c5162f644cd.jpg</filename>
	<path>D:\Projects\Robot\pictures\downloads\ ball in grass\159. close-up-of-ball-on-grass-700840731-58e3a4473df78c5162f644cd.jpg</path>
	<source>
		<database>Unknown</database>
	</source>
	<size>
		<width>768</width>
		<height>432</height>
		<depth>3</depth>
	</size>
	<segmented>0</segmented>
	<object>
		<name>ball</name>
		<pose>Unspecified</pose>
		<truncated>0</truncated>
		<difficult>0</difficult>
		<bndbox>
			<xmin>327</xmin>
			<ymin>232</ymin>
			<xmax>461</xmax>
			<ymax>371</ymax>
		</bndbox>
	</object>
</annotation>
