<annotation>
	<folder> ball in grass</folder>
	<filename>160. depositphotos_1303998-stock-photo-soccer-ball-on-the-grass.jpg</filename>
	<path>D:\Projects\Robot\pictures\downloads\ ball in grass\160. depositphotos_1303998-stock-photo-soccer-ball-on-the-grass.jpg</path>
	<source>
		<database>Unknown</database>
	</source>
	<size>
		<width>1023</width>
		<height>682</height>
		<depth>3</depth>
	</size>
	<segmented>0</segmented>
	<object>
		<name>ball</name>
		<pose>Unspecified</pose>
		<truncated>0</truncated>
		<difficult>0</difficult>
		<bndbox>
			<xmin>172</xmin>
			<ymin>262</ymin>
			<xmax>475</xmax>
			<ymax>564</ymax>
		</bndbox>
	</object>
</annotation>
