<annotation>
	<folder> ball in grass</folder>
	<filename>161. bigstock-golf-balls-on-grass-outdoor-cl-45004384.jpg</filename>
	<path>D:\Projects\Robot\pictures\downloads\ ball in grass\161. bigstock-golf-balls-on-grass-outdoor-cl-45004384.jpg</path>
	<source>
		<database>Unknown</database>
	</source>
	<size>
		<width>900</width>
		<height>607</height>
		<depth>3</depth>
	</size>
	<segmented>0</segmented>
	<object>
		<name>ball</name>
		<pose>Unspecified</pose>
		<truncated>0</truncated>
		<difficult>0</difficult>
		<bndbox>
			<xmin>33</xmin>
			<ymin>179</ymin>
			<xmax>241</xmax>
			<ymax>384</ymax>
		</bndbox>
	</object>
	<object>
		<name>ball</name>
		<pose>Unspecified</pose>
		<truncated>0</truncated>
		<difficult>0</difficult>
		<bndbox>
			<xmin>282</xmin>
			<ymin>386</ymin>
			<xmax>478</xmax>
			<ymax>573</ymax>
		</bndbox>
	</object>
	<object>
		<name>ball</name>
		<pose>Unspecified</pose>
		<truncated>0</truncated>
		<difficult>0</difficult>
		<bndbox>
			<xmin>469</xmin>
			<ymin>385</ymin>
			<xmax>665</xmax>
			<ymax>565</ymax>
		</bndbox>
	</object>
	<object>
		<name>ball</name>
		<pose>Unspecified</pose>
		<truncated>0</truncated>
		<difficult>0</difficult>
		<bndbox>
			<xmin>657</xmin>
			<ymin>373</ymin>
			<xmax>851</xmax>
			<ymax>554</ymax>
		</bndbox>
	</object>
</annotation>
