<annotation>
	<folder> ball in grass</folder>
	<filename>162. 1407821-clipart-of-a-3d-soccer-ball-on-grass-against-blue-sky-and-flares-royalty-free-vector-illustration.jpg</filename>
	<path>D:\Projects\Robot\pictures\downloads\ ball in grass\162. 1407821-clipart-of-a-3d-soccer-ball-on-grass-against-blue-sky-and-flares-royalty-free-vector-illustration.jpg</path>
	<source>
		<database>Unknown</database>
	</source>
	<size>
		<width>450</width>
		<height>470</height>
		<depth>3</depth>
	</size>
	<segmented>0</segmented>
	<object>
		<name>ball</name>
		<pose>Unspecified</pose>
		<truncated>0</truncated>
		<difficult>0</difficult>
		<bndbox>
			<xmin>156</xmin>
			<ymin>256</ymin>
			<xmax>289</xmax>
			<ymax>385</ymax>
		</bndbox>
	</object>
</annotation>
