<annotation>
	<folder> ball in grass</folder>
	<filename>164. soccer-ball-grass-argentina-flag-background-close-up-38718539.jpg</filename>
	<path>D:\Projects\Robot\pictures\downloads\ ball in grass\164. soccer-ball-grass-argentina-flag-background-close-up-38718539.jpg</path>
	<source>
		<database>Unknown</database>
	</source>
	<size>
		<width>800</width>
		<height>533</height>
		<depth>3</depth>
	</size>
	<segmented>0</segmented>
	<object>
		<name>ball</name>
		<pose>Unspecified</pose>
		<truncated>0</truncated>
		<difficult>0</difficult>
		<bndbox>
			<xmin>44</xmin>
			<ymin>208</ymin>
			<xmax>313</xmax>
			<ymax>448</ymax>
		</bndbox>
	</object>
</annotation>
