<annotation>
	<folder> ball in grass</folder>
	<filename>165. golf-putter.jpg</filename>
	<path>D:\Projects\Robot\pictures\downloads\ ball in grass\165. golf-putter.jpg</path>
	<source>
		<database>Unknown</database>
	</source>
	<size>
		<width>900</width>
		<height>600</height>
		<depth>3</depth>
	</size>
	<segmented>0</segmented>
	<object>
		<name>ball</name>
		<pose>Unspecified</pose>
		<truncated>0</truncated>
		<difficult>0</difficult>
		<bndbox>
			<xmin>297</xmin>
			<ymin>212</ymin>
			<xmax>474</xmax>
			<ymax>382</ymax>
		</bndbox>
	</object>
</annotation>
