<annotation>
	<folder> ball in grass</folder>
	<filename>167. 1159-soccer-ball-on-green-grass-clipart.jpg</filename>
	<path>D:\Projects\Robot\pictures\downloads\ ball in grass\167. 1159-soccer-ball-on-green-grass-clipart.jpg</path>
	<source>
		<database>Unknown</database>
	</source>
	<size>
		<width>800</width>
		<height>800</height>
		<depth>3</depth>
	</size>
	<segmented>0</segmented>
	<object>
		<name>ball</name>
		<pose>Unspecified</pose>
		<truncated>0</truncated>
		<difficult>0</difficult>
		<bndbox>
			<xmin>19</xmin>
			<ymin>379</ymin>
			<xmax>440</xmax>
			<ymax>774</ymax>
		</bndbox>
	</object>
</annotation>
