<annotation>
	<folder> ball in grass</folder>
	<filename>168. soccer-ball-on-grass-ground-view-picture-id200131024-001.jpg</filename>
	<path>D:\Projects\Robot\pictures\downloads\ ball in grass\168. soccer-ball-on-grass-ground-view-picture-id200131024-001.jpg</path>
	<source>
		<database>Unknown</database>
	</source>
	<size>
		<width>760</width>
		<height>1024</height>
		<depth>3</depth>
	</size>
	<segmented>0</segmented>
	<object>
		<name>ball</name>
		<pose>Unspecified</pose>
		<truncated>0</truncated>
		<difficult>0</difficult>
		<bndbox>
			<xmin>233</xmin>
			<ymin>516</ymin>
			<xmax>569</xmax>
			<ymax>795</ymax>
		</bndbox>
	</object>
</annotation>
