<annotation>
	<folder> ball in grass</folder>
	<filename>169. soccer-ball-in-the-grass.jpg</filename>
	<path>D:\Projects\Robot\pictures\downloads\ ball in grass\169. soccer-ball-in-the-grass.jpg</path>
	<source>
		<database>Unknown</database>
	</source>
	<size>
		<width>500</width>
		<height>350</height>
		<depth>3</depth>
	</size>
	<segmented>0</segmented>
	<object>
		<name>ball</name>
		<pose>Unspecified</pose>
		<truncated>1</truncated>
		<difficult>0</difficult>
		<bndbox>
			<xmin>25</xmin>
			<ymin>1</ymin>
			<xmax>428</xmax>
			<ymax>348</ymax>
		</bndbox>
	</object>
</annotation>
