<annotation>
	<folder> ball in grass</folder>
	<filename>171. ball-2517_960_720.jpg</filename>
	<path>D:\Projects\Robot\pictures\downloads\ ball in grass\171. ball-2517_960_720.jpg</path>
	<source>
		<database>Unknown</database>
	</source>
	<size>
		<width>960</width>
		<height>640</height>
		<depth>3</depth>
	</size>
	<segmented>0</segmented>
	<object>
		<name>ball</name>
		<pose>Unspecified</pose>
		<truncated>0</truncated>
		<difficult>0</difficult>
		<bndbox>
			<xmin>150</xmin>
			<ymin>269</ymin>
			<xmax>199</xmax>
			<ymax>320</ymax>
		</bndbox>
	</object>
	<object>
		<name>ball</name>
		<pose>Unspecified</pose>
		<truncated>0</truncated>
		<difficult>0</difficult>
		<bndbox>
			<xmin>58</xmin>
			<ymin>356</ymin>
			<xmax>115</xmax>
			<ymax>408</ymax>
		</bndbox>
	</object>
	<object>
		<name>ball</name>
		<pose>Unspecified</pose>
		<truncated>0</truncated>
		<difficult>0</difficult>
		<bndbox>
			<xmin>218</xmin>
			<ymin>368</ymin>
			<xmax>271</xmax>
			<ymax>423</ymax>
		</bndbox>
	</object>
	<object>
		<name>ball</name>
		<pose>Unspecified</pose>
		<truncated>0</truncated>
		<difficult>0</difficult>
		<bndbox>
			<xmin>538</xmin>
			<ymin>271</ymin>
			<xmax>589</xmax>
			<ymax>314</ymax>
		</bndbox>
	</object>
	<object>
		<name>ball</name>
		<pose>Unspecified</pose>
		<truncated>0</truncated>
		<difficult>0</difficult>
		<bndbox>
			<xmin>555</xmin>
			<ymin>313</ymin>
			<xmax>608</xmax>
			<ymax>359</ymax>
		</bndbox>
	</object>
</annotation>
