<annotation>
	<folder> ball in grass</folder>
	<filename>172. 354643_stock-photo-blue-rugby-ball-on-grass.jpg</filename>
	<path>D:\Projects\Robot\pictures\downloads\ ball in grass\172. 354643_stock-photo-blue-rugby-ball-on-grass.jpg</path>
	<source>
		<database>Unknown</database>
	</source>
	<size>
		<width>600</width>
		<height>450</height>
		<depth>3</depth>
	</size>
	<segmented>0</segmented>
	<object>
		<name>ball</name>
		<pose>Unspecified</pose>
		<truncated>0</truncated>
		<difficult>0</difficult>
		<bndbox>
			<xmin>412</xmin>
			<ymin>170</ymin>
			<xmax>560</xmax>
			<ymax>393</ymax>
		</bndbox>
	</object>
</annotation>
