<annotation>
	<folder> ball in grass</folder>
	<filename>173. white-cricket-ball-on-grass-cw8c43.jpg</filename>
	<path>D:\Projects\Robot\pictures\downloads\ ball in grass\173. white-cricket-ball-on-grass-cw8c43.jpg</path>
	<source>
		<database>Unknown</database>
	</source>
	<size>
		<width>346</width>
		<height>540</height>
		<depth>3</depth>
	</size>
	<segmented>0</segmented>
	<object>
		<name>ball</name>
		<pose>Unspecified</pose>
		<truncated>0</truncated>
		<difficult>0</difficult>
		<bndbox>
			<xmin>84</xmin>
			<ymin>48</ymin>
			<xmax>247</xmax>
			<ymax>221</ymax>
		</bndbox>
	</object>
</annotation>
