<annotation>
	<folder> ball in grass</folder>
	<filename>174. tennis_ball_on_grass_b05f3f22a683acd7e43f8b523fe28a79.jpg</filename>
	<path>D:\Projects\Robot\pictures\downloads\ ball in grass\174. tennis_ball_on_grass_b05f3f22a683acd7e43f8b523fe28a79.jpg</path>
	<source>
		<database>Unknown</database>
	</source>
	<size>
		<width>700</width>
		<height>375</height>
		<depth>3</depth>
	</size>
	<segmented>0</segmented>
	<object>
		<name>ball</name>
		<pose>Unspecified</pose>
		<truncated>0</truncated>
		<difficult>0</difficult>
		<bndbox>
			<xmin>54</xmin>
			<ymin>80</ymin>
			<xmax>343</xmax>
			<ymax>350</ymax>
		</bndbox>
	</object>
</annotation>
