<annotation>
	<folder> ball in grass</folder>
	<filename>175. 3757986-golf-ball-on-green-grass.jpg</filename>
	<path>D:\Projects\Robot\pictures\downloads\ ball in grass\175. 3757986-golf-ball-on-green-grass.jpg</path>
	<source>
		<database>Unknown</database>
	</source>
	<size>
		<width>800</width>
		<height>533</height>
		<depth>3</depth>
	</size>
	<segmented>0</segmented>
	<object>
		<name>ball</name>
		<pose>Unspecified</pose>
		<truncated>0</truncated>
		<difficult>0</difficult>
		<bndbox>
			<xmin>595</xmin>
			<ymin>334</ymin>
			<xmax>723</xmax>
			<ymax>452</ymax>
		</bndbox>
	</object>
</annotation>
