<annotation>
	<folder> ball in grass</folder>
	<filename>177. 80665e891ae9a92acdb220d7ecd2e96a--soccer-bedroom-kids-bedroom.jpg</filename>
	<path>D:\Projects\Robot\pictures\downloads\ ball in grass\177. 80665e891ae9a92acdb220d7ecd2e96a--soccer-bedroom-kids-bedroom.jpg</path>
	<source>
		<database>Unknown</database>
	</source>
	<size>
		<width>450</width>
		<height>450</height>
		<depth>3</depth>
	</size>
	<segmented>0</segmented>
	<object>
		<name>ball</name>
		<pose>Unspecified</pose>
		<truncated>0</truncated>
		<difficult>0</difficult>
		<bndbox>
			<xmin>154</xmin>
			<ymin>184</ymin>
			<xmax>292</xmax>
			<ymax>354</ymax>
		</bndbox>
	</object>
</annotation>
