<annotation>
	<folder> ball in grass</folder>
	<filename>178. golf_balls.jpg</filename>
	<path>D:\Projects\Robot\pictures\downloads\ ball in grass\178. golf_balls.jpg</path>
	<source>
		<database>Unknown</database>
	</source>
	<size>
		<width>1200</width>
		<height>285</height>
		<depth>3</depth>
	</size>
	<segmented>0</segmented>
	<object>
		<name>ball</name>
		<pose>Unspecified</pose>
		<truncated>1</truncated>
		<difficult>0</difficult>
		<bndbox>
			<xmin>519</xmin>
			<ymin>44</ymin>
			<xmax>845</xmax>
			<ymax>285</ymax>
		</bndbox>
	</object>
	<object>
		<name>ball</name>
		<pose>Unspecified</pose>
		<truncated>0</truncated>
		<difficult>0</difficult>
		<bndbox>
			<xmin>794</xmin>
			<ymin>21</ymin>
			<xmax>1075</xmax>
			<ymax>260</ymax>
		</bndbox>
	</object>
	<object>
		<name>ball</name>
		<pose>Unspecified</pose>
		<truncated>1</truncated>
		<difficult>0</difficult>
		<bndbox>
			<xmin>97</xmin>
			<ymin>26</ymin>
			<xmax>431</xmax>
			<ymax>285</ymax>
		</bndbox>
	</object>
	<object>
		<name>ball</name>
		<pose>Unspecified</pose>
		<truncated>0</truncated>
		<difficult>0</difficult>
		<bndbox>
			<xmin>350</xmin>
			<ymin>3</ymin>
			<xmax>540</xmax>
			<ymax>170</ymax>
		</bndbox>
	</object>
</annotation>
