<annotation>
	<folder> ball in grass</folder>
	<filename>182. d8eef74e-3fe0-40e1-a47d-505f5612e688.jpg</filename>
	<path>D:\Projects\Robot\pictures\downloads\ ball in grass\182. d8eef74e-3fe0-40e1-a47d-505f5612e688.jpg</path>
	<source>
		<database>Unknown</database>
	</source>
	<size>
		<width>800</width>
		<height>250</height>
		<depth>3</depth>
	</size>
	<segmented>0</segmented>
	<object>
		<name>ball</name>
		<pose>Unspecified</pose>
		<truncated>0</truncated>
		<difficult>0</difficult>
		<bndbox>
			<xmin>131</xmin>
			<ymin>44</ymin>
			<xmax>335</xmax>
			<ymax>243</ymax>
		</bndbox>
	</object>
</annotation>
