<annotation>
	<folder> ball in grass</folder>
	<filename>184. 453992707.jpg</filename>
	<path>D:\Projects\Robot\pictures\downloads\ ball in grass\184. 453992707.jpg</path>
	<source>
		<database>Unknown</database>
	</source>
	<size>
		<width>750</width>
		<height>416</height>
		<depth>3</depth>
	</size>
	<segmented>0</segmented>
	<object>
		<name>ball</name>
		<pose>Unspecified</pose>
		<truncated>0</truncated>
		<difficult>0</difficult>
		<bndbox>
			<xmin>185</xmin>
			<ymin>167</ymin>
			<xmax>389</xmax>
			<ymax>361</ymax>
		</bndbox>
	</object>
</annotation>
