<annotation>
	<folder> ball in grass</folder>
	<filename>186. img_how_to_make_a_cricket_ball_4880_600.jpg</filename>
	<path>D:\Projects\Robot\pictures\downloads\ ball in grass\186. img_how_to_make_a_cricket_ball_4880_600.jpg</path>
	<source>
		<database>Unknown</database>
	</source>
	<size>
		<width>600</width>
		<height>444</height>
		<depth>3</depth>
	</size>
	<segmented>0</segmented>
	<object>
		<name>ball</name>
		<pose>Unspecified</pose>
		<truncated>0</truncated>
		<difficult>0</difficult>
		<bndbox>
			<xmin>35</xmin>
			<ymin>60</ymin>
			<xmax>332</xmax>
			<ymax>350</ymax>
		</bndbox>
	</object>
</annotation>
