<annotation>
	<folder> ball in grass</folder>
	<filename>190. 2147568-soccer-ball-on-the-field.jpg</filename>
	<path>D:\Projects\Robot\pictures\downloads\ ball in grass\190. 2147568-soccer-ball-on-the-field.jpg</path>
	<source>
		<database>Unknown</database>
	</source>
	<size>
		<width>800</width>
		<height>514</height>
		<depth>3</depth>
	</size>
	<segmented>0</segmented>
	<object>
		<name>ball</name>
		<pose>Unspecified</pose>
		<truncated>0</truncated>
		<difficult>0</difficult>
		<bndbox>
			<xmin>155</xmin>
			<ymin>269</ymin>
			<xmax>299</xmax>
			<ymax>402</ymax>
		</bndbox>
	</object>
</annotation>
