<annotation>
	<folder> ball in grass</folder>
	<filename>193. pexels-photo-258395.jpeg</filename>
	<path>D:\Projects\Robot\pictures\downloads\ ball in grass\193. pexels-photo-258395.jpeg</path>
	<source>
		<database>Unknown</database>
	</source>
	<size>
		<width>526</width>
		<height>350</height>
		<depth>3</depth>
	</size>
	<segmented>0</segmented>
	<object>
		<name>ball</name>
		<pose>Unspecified</pose>
		<truncated>0</truncated>
		<difficult>0</difficult>
		<bndbox>
			<xmin>204</xmin>
			<ymin>248</ymin>
			<xmax>300</xmax>
			<ymax>338</ymax>
		</bndbox>
	</object>
</annotation>
