<annotation>
	<folder> ball in grass</folder>
	<filename>194. e-img-11729-1-1680-400-0-ffffff.jpg</filename>
	<path>D:\Projects\Robot\pictures\downloads\ ball in grass\194. e-img-11729-1-1680-400-0-ffffff.jpg</path>
	<source>
		<database>Unknown</database>
	</source>
	<size>
		<width>1680</width>
		<height>400</height>
		<depth>3</depth>
	</size>
	<segmented>0</segmented>
	<object>
		<name>ball</name>
		<pose>Unspecified</pose>
		<truncated>0</truncated>
		<difficult>0</difficult>
		<bndbox>
			<xmin>871</xmin>
			<ymin>237</ymin>
			<xmax>987</xmax>
			<ymax>348</ymax>
		</bndbox>
	</object>
</annotation>
