<annotation>
	<folder> ball in grass</folder>
	<filename>198. fh3kcgeir6iu55c.medium.jpg</filename>
	<path>D:\Projects\Robot\pictures\downloads\ ball in grass\198. fh3kcgeir6iu55c.medium.jpg</path>
	<source>
		<database>Unknown</database>
	</source>
	<size>
		<width>620</width>
		<height>517</height>
		<depth>3</depth>
	</size>
	<segmented>0</segmented>
	<object>
		<name>ball</name>
		<pose>Unspecified</pose>
		<truncated>0</truncated>
		<difficult>0</difficult>
		<bndbox>
			<xmin>115</xmin>
			<ymin>97</ymin>
			<xmax>221</xmax>
			<ymax>201</ymax>
		</bndbox>
	</object>
	<object>
		<name>ball</name>
		<pose>Unspecified</pose>
		<truncated>0</truncated>
		<difficult>0</difficult>
		<bndbox>
			<xmin>232</xmin>
			<ymin>62</ymin>
			<xmax>327</xmax>
			<ymax>160</ymax>
		</bndbox>
	</object>
</annotation>
