<annotation>
	<folder> ball in grass</folder>
	<filename>200. astro-2.jpg</filename>
	<path>D:\Projects\Robot\pictures\downloads\ ball in grass\200. astro-2.jpg</path>
	<source>
		<database>Unknown</database>
	</source>
	<size>
		<width>1080</width>
		<height>300</height>
		<depth>3</depth>
	</size>
	<segmented>0</segmented>
	<object>
		<name>ball</name>
		<pose>Unspecified</pose>
		<truncated>1</truncated>
		<difficult>0</difficult>
		<bndbox>
			<xmin>673</xmin>
			<ymin>1</ymin>
			<xmax>1068</xmax>
			<ymax>258</ymax>
		</bndbox>
	</object>
</annotation>
