<annotation>
	<folder> ball in grass</folder>
	<filename>201. volleyball.jpg</filename>
	<path>D:\Projects\Robot\pictures\downloads\ ball in grass\201. volleyball.jpg</path>
	<source>
		<database>Unknown</database>
	</source>
	<size>
		<width>800</width>
		<height>450</height>
		<depth>3</depth>
	</size>
	<segmented>0</segmented>
	<object>
		<name>ball</name>
		<pose>Unspecified</pose>
		<truncated>0</truncated>
		<difficult>0</difficult>
		<bndbox>
			<xmin>248</xmin>
			<ymin>116</ymin>
			<xmax>548</xmax>
			<ymax>397</ymax>
		</bndbox>
	</object>
	<object>
		<name>ball</name>
		<pose>Unspecified</pose>
		<truncated>0</truncated>
		<difficult>0</difficult>
		<bndbox>
			<xmin>242</xmin>
			<ymin>16</ymin>
			<xmax>415</xmax>
			<ymax>171</ymax>
		</bndbox>
	</object>
</annotation>
