<annotation>
	<folder> ball in grass</folder>
	<filename>202. 2017-18-uefa-champions-league-official-match-balls1.jpg</filename>
	<path>D:\Projects\Robot\pictures\downloads\ ball in grass\202. 2017-18-uefa-champions-league-official-match-balls1.jpg</path>
	<source>
		<database>Unknown</database>
	</source>
	<size>
		<width>700</width>
		<height>466</height>
		<depth>3</depth>
	</size>
	<segmented>0</segmented>
	<object>
		<name>ball</name>
		<pose>Unspecified</pose>
		<truncated>0</truncated>
		<difficult>0</difficult>
		<bndbox>
			<xmin>61</xmin>
			<ymin>65</ymin>
			<xmax>332</xmax>
			<ymax>330</ymax>
		</bndbox>
	</object>
	<object>
		<name>ball</name>
		<pose>Unspecified</pose>
		<truncated>0</truncated>
		<difficult>0</difficult>
		<bndbox>
			<xmin>349</xmin>
			<ymin>141</ymin>
			<xmax>631</xmax>
			<ymax>405</ymax>
		</bndbox>
	</object>
</annotation>
