<annotation>
	<folder> ball in grass</folder>
	<filename>205. 30336_79ea5c146c_large.jpg</filename>
	<path>D:\Projects\Robot\pictures\downloads\ ball in grass\205. 30336_79ea5c146c_large.jpg</path>
	<source>
		<database>Unknown</database>
	</source>
	<size>
		<width>620</width>
		<height>410</height>
		<depth>3</depth>
	</size>
	<segmented>0</segmented>
	<object>
		<name>ball</name>
		<pose>Unspecified</pose>
		<truncated>0</truncated>
		<difficult>0</difficult>
		<bndbox>
			<xmin>215</xmin>
			<ymin>27</ymin>
			<xmax>294</xmax>
			<ymax>105</ymax>
		</bndbox>
	</object>
	<object>
		<name>ball</name>
		<pose>Unspecified</pose>
		<truncated>0</truncated>
		<difficult>0</difficult>
		<bndbox>
			<xmin>135</xmin>
			<ymin>171</ymin>
			<xmax>246</xmax>
			<ymax>281</ymax>
		</bndbox>
	</object>
	<object>
		<name>ball</name>
		<pose>Unspecified</pose>
		<truncated>0</truncated>
		<difficult>0</difficult>
		<bndbox>
			<xmin>339</xmin>
			<ymin>277</ymin>
			<xmax>392</xmax>
			<ymax>331</ymax>
		</bndbox>
	</object>
	<object>
		<name>ball</name>
		<pose>Unspecified</pose>
		<truncated>0</truncated>
		<difficult>0</difficult>
		<bndbox>
			<xmin>464</xmin>
			<ymin>200</ymin>
			<xmax>583</xmax>
			<ymax>317</ymax>
		</bndbox>
	</object>
</annotation>
