<annotation>
	<folder> ball in grass</folder>
	<filename>206. a1qq9opkjal._sy679_.jpg</filename>
	<path>D:\Projects\Robot\pictures\downloads\ ball in grass\206. a1qq9opkjal._sy679_.jpg</path>
	<source>
		<database>Unknown</database>
	</source>
	<size>
		<width>453</width>
		<height>679</height>
		<depth>3</depth>
	</size>
	<segmented>0</segmented>
	<object>
		<name>ball</name>
		<pose>Unspecified</pose>
		<truncated>0</truncated>
		<difficult>0</difficult>
		<bndbox>
			<xmin>48</xmin>
			<ymin>195</ymin>
			<xmax>185</xmax>
			<ymax>341</ymax>
		</bndbox>
	</object>
	<object>
		<name>ball</name>
		<pose>Unspecified</pose>
		<truncated>0</truncated>
		<difficult>0</difficult>
		<bndbox>
			<xmin>170</xmin>
			<ymin>549</ymin>
			<xmax>260</xmax>
			<ymax>642</ymax>
		</bndbox>
	</object>
</annotation>
