<annotation>
	<folder> ball in grass</folder>
	<filename>207. close-up-golf-ball_1160-617.jpg</filename>
	<path>D:\Projects\Robot\pictures\downloads\ ball in grass\207. close-up-golf-ball_1160-617.jpg</path>
	<source>
		<database>Unknown</database>
	</source>
	<size>
		<width>626</width>
		<height>469</height>
		<depth>3</depth>
	</size>
	<segmented>0</segmented>
	<object>
		<name>ball</name>
		<pose>Unspecified</pose>
		<truncated>0</truncated>
		<difficult>0</difficult>
		<bndbox>
			<xmin>114</xmin>
			<ymin>166</ymin>
			<xmax>281</xmax>
			<ymax>332</ymax>
		</bndbox>
	</object>
</annotation>
