<annotation>
	<folder> ball in grass</folder>
	<filename>208. turfgrass-800x400.jpg</filename>
	<path>D:\Projects\Robot\pictures\downloads\ ball in grass\208. turfgrass-800x400.jpg</path>
	<source>
		<database>Unknown</database>
	</source>
	<size>
		<width>800</width>
		<height>400</height>
		<depth>3</depth>
	</size>
	<segmented>0</segmented>
	<object>
		<name>ball</name>
		<pose>Unspecified</pose>
		<truncated>0</truncated>
		<difficult>0</difficult>
		<bndbox>
			<xmin>499</xmin>
			<ymin>305</ymin>
			<xmax>576</xmax>
			<ymax>387</ymax>
		</bndbox>
	</object>
</annotation>
