<annotation>
	<folder> ball in grass</folder>
	<filename>209. 6b23ab2c160-crop_center-550-550-000000.jpg</filename>
	<path>D:\Projects\Robot\pictures\downloads\ ball in grass\209. 6b23ab2c160-crop_center-550-550-000000.jpg</path>
	<source>
		<database>Unknown</database>
	</source>
	<size>
		<width>550</width>
		<height>550</height>
		<depth>3</depth>
	</size>
	<segmented>0</segmented>
	<object>
		<name>ball</name>
		<pose>Unspecified</pose>
		<truncated>1</truncated>
		<difficult>0</difficult>
		<bndbox>
			<xmin>1</xmin>
			<ymin>110</ymin>
			<xmax>262</xmax>
			<ymax>435</ymax>
		</bndbox>
	</object>
</annotation>
