<annotation>
	<folder> ball in grass</folder>
	<filename>211. 2017-tennis-slaz-ball-banner-lp-2017-mob.jpg</filename>
	<path>D:\Projects\Robot\pictures\downloads\ ball in grass\211. 2017-tennis-slaz-ball-banner-lp-2017-mob.jpg</path>
	<source>
		<database>Unknown</database>
	</source>
	<size>
		<width>750</width>
		<height>793</height>
		<depth>3</depth>
	</size>
	<segmented>0</segmented>
	<object>
		<name>ball</name>
		<pose>Unspecified</pose>
		<truncated>0</truncated>
		<difficult>0</difficult>
		<bndbox>
			<xmin>247</xmin>
			<ymin>486</ymin>
			<xmax>522</xmax>
			<ymax>771</ymax>
		</bndbox>
	</object>
</annotation>
