<annotation>
	<folder> ball in grass</folder>
	<filename>213. gghp_febwk3_p2_gbs_golfballshop_still.jpg</filename>
	<path>D:\Projects\Robot\pictures\downloads\ ball in grass\213. gghp_febwk3_p2_gbs_golfballshop_still.jpg</path>
	<source>
		<database>Unknown</database>
	</source>
	<size>
		<width>2000</width>
		<height>299</height>
		<depth>3</depth>
	</size>
	<segmented>0</segmented>
	<object>
		<name>ball</name>
		<pose>Unspecified</pose>
		<truncated>1</truncated>
		<difficult>0</difficult>
		<bndbox>
			<xmin>415</xmin>
			<ymin>1</ymin>
			<xmax>782</xmax>
			<ymax>226</ymax>
		</bndbox>
	</object>
</annotation>
