<annotation>
	<folder> ball in grass</folder>
	<filename>214. 146893.jpg</filename>
	<path>D:\Projects\Robot\pictures\downloads\ ball in grass\214. 146893.jpg</path>
	<source>
		<database>Unknown</database>
	</source>
	<size>
		<width>622</width>
		<height>318</height>
		<depth>3</depth>
	</size>
	<segmented>0</segmented>
	<object>
		<name>ball</name>
		<pose>Unspecified</pose>
		<truncated>0</truncated>
		<difficult>0</difficult>
		<bndbox>
			<xmin>203</xmin>
			<ymin>24</ymin>
			<xmax>426</xmax>
			<ymax>242</ymax>
		</bndbox>
	</object>
</annotation>
