<annotation>
	<folder> ball in grass</folder>
	<filename>216. picture1-689.jpg</filename>
	<path>D:\Projects\Robot\pictures\downloads\ ball in grass\216. picture1-689.jpg</path>
	<source>
		<database>Unknown</database>
	</source>
	<size>
		<width>600</width>
		<height>600</height>
		<depth>3</depth>
	</size>
	<segmented>0</segmented>
	<object>
		<name>ball</name>
		<pose>Unspecified</pose>
		<truncated>1</truncated>
		<difficult>0</difficult>
		<bndbox>
			<xmin>5</xmin>
			<ymin>1</ymin>
			<xmax>594</xmax>
			<ymax>594</ymax>
		</bndbox>
	</object>
</annotation>
