<annotation>
	<folder> ball in grass</folder>
	<filename>217. soccer_ball_0.jpg</filename>
	<path>D:\Projects\Robot\pictures\downloads\ ball in grass\217. soccer_ball_0.jpg</path>
	<source>
		<database>Unknown</database>
	</source>
	<size>
		<width>450</width>
		<height>338</height>
		<depth>3</depth>
	</size>
	<segmented>0</segmented>
	<object>
		<name>ball</name>
		<pose>Unspecified</pose>
		<truncated>0</truncated>
		<difficult>0</difficult>
		<bndbox>
			<xmin>200</xmin>
			<ymin>137</ymin>
			<xmax>248</xmax>
			<ymax>188</ymax>
		</bndbox>
	</object>
</annotation>
