<annotation>
	<folder> ball in grass</folder>
	<filename>218. ivanska-minifutbalova-liga.jpg</filename>
	<path>D:\Projects\Robot\pictures\downloads\ ball in grass\218. ivanska-minifutbalova-liga.jpg</path>
	<source>
		<database>Unknown</database>
	</source>
	<size>
		<width>1140</width>
		<height>450</height>
		<depth>3</depth>
	</size>
	<segmented>0</segmented>
	<object>
		<name>ball</name>
		<pose>Unspecified</pose>
		<truncated>0</truncated>
		<difficult>0</difficult>
		<bndbox>
			<xmin>83</xmin>
			<ymin>105</ymin>
			<xmax>415</xmax>
			<ymax>410</ymax>
		</bndbox>
	</object>
</annotation>
