<annotation>
	<folder> ball in grass</folder>
	<filename>219. largeimage_1172640.jpg</filename>
	<path>D:\Projects\Robot\pictures\downloads\ ball in grass\219. largeimage_1172640.jpg</path>
	<source>
		<database>Unknown</database>
	</source>
	<size>
		<width>400</width>
		<height>400</height>
		<depth>3</depth>
	</size>
	<segmented>0</segmented>
	<object>
		<name>ball</name>
		<pose>Unspecified</pose>
		<truncated>0</truncated>
		<difficult>0</difficult>
		<bndbox>
			<xmin>87</xmin>
			<ymin>103</ymin>
			<xmax>307</xmax>
			<ymax>332</ymax>
		</bndbox>
	</object>
</annotation>
