<annotation>
	<folder> ball in grass</folder>
	<filename>220. 1497296099905.jpg</filename>
	<path>D:\Projects\Robot\pictures\downloads\ ball in grass\220. 1497296099905.jpg</path>
	<source>
		<database>Unknown</database>
	</source>
	<size>
		<width>700</width>
		<height>397</height>
		<depth>3</depth>
	</size>
	<segmented>0</segmented>
	<object>
		<name>ball</name>
		<pose>Unspecified</pose>
		<truncated>0</truncated>
		<difficult>0</difficult>
		<bndbox>
			<xmin>265</xmin>
			<ymin>211</ymin>
			<xmax>361</xmax>
			<ymax>310</ymax>
		</bndbox>
	</object>
</annotation>
