<annotation>
	<folder> ball in grass</folder>
	<filename>221. hqdefault.jpg</filename>
	<path>D:\Projects\Robot\pictures\downloads\ ball in grass\221. hqdefault.jpg</path>
	<source>
		<database>Unknown</database>
	</source>
	<size>
		<width>480</width>
		<height>360</height>
		<depth>3</depth>
	</size>
	<segmented>0</segmented>
	<object>
		<name>ball</name>
		<pose>Unspecified</pose>
		<truncated>0</truncated>
		<difficult>0</difficult>
		<bndbox>
			<xmin>188</xmin>
			<ymin>160</ymin>
			<xmax>217</xmax>
			<ymax>193</ymax>
		</bndbox>
	</object>
</annotation>
