<annotation>
	<folder> ball in grass</folder>
	<filename>222. football_theme_picture_01_hd_pictures_168220.jpg</filename>
	<path>D:\Projects\Robot\pictures\downloads\ ball in grass\222. football_theme_picture_01_hd_pictures_168220.jpg</path>
	<source>
		<database>Unknown</database>
	</source>
	<size>
		<width>460</width>
		<height>368</height>
		<depth>3</depth>
	</size>
	<segmented>0</segmented>
	<object>
		<name>ball</name>
		<pose>Unspecified</pose>
		<truncated>0</truncated>
		<difficult>0</difficult>
		<bndbox>
			<xmin>104</xmin>
			<ymin>236</ymin>
			<xmax>170</xmax>
			<ymax>302</ymax>
		</bndbox>
	</object>
</annotation>
