<annotation>
	<folder> ball in grass</folder>
	<filename>223. person-1284011_960_720.jpg</filename>
	<path>D:\Projects\Robot\pictures\downloads\ ball in grass\223. person-1284011_960_720.jpg</path>
	<source>
		<database>Unknown</database>
	</source>
	<size>
		<width>960</width>
		<height>640</height>
		<depth>3</depth>
	</size>
	<segmented>0</segmented>
	<object>
		<name>ball</name>
		<pose>Unspecified</pose>
		<truncated>0</truncated>
		<difficult>0</difficult>
		<bndbox>
			<xmin>436</xmin>
			<ymin>285</ymin>
			<xmax>532</xmax>
			<ymax>380</ymax>
		</bndbox>
	</object>
</annotation>
