<annotation>
	<folder> ball in grass</folder>
	<filename>224. negative-space-kicking-football-soccer-ball-custom-1062x708.jpeg</filename>
	<path>D:\Projects\Robot\pictures\downloads\ ball in grass\224. negative-space-kicking-football-soccer-ball-custom-1062x708.jpeg</path>
	<source>
		<database>Unknown</database>
	</source>
	<size>
		<width>1062</width>
		<height>708</height>
		<depth>3</depth>
	</size>
	<segmented>0</segmented>
	<object>
		<name>ball</name>
		<pose>Unspecified</pose>
		<truncated>0</truncated>
		<difficult>0</difficult>
		<bndbox>
			<xmin>668</xmin>
			<ymin>426</ymin>
			<xmax>734</xmax>
			<ymax>496</ymax>
		</bndbox>
	</object>
</annotation>
