<annotation>
	<folder> ball in grass</folder>
	<filename>225. banner.jpg</filename>
	<path>D:\Projects\Robot\pictures\downloads\ ball in grass\225. banner.jpg</path>
	<source>
		<database>Unknown</database>
	</source>
	<size>
		<width>746</width>
		<height>369</height>
		<depth>3</depth>
	</size>
	<segmented>0</segmented>
	<object>
		<name>ball</name>
		<pose>Unspecified</pose>
		<truncated>0</truncated>
		<difficult>0</difficult>
		<bndbox>
			<xmin>514</xmin>
			<ymin>176</ymin>
			<xmax>555</xmax>
			<ymax>217</ymax>
		</bndbox>
	</object>
</annotation>
