<annotation>
	<folder> ball in grass</folder>
	<filename>226. 1200629-soccer-ball-on-a-grassy-field.jpg</filename>
	<path>D:\Projects\Robot\pictures\downloads\ ball in grass\226. 1200629-soccer-ball-on-a-grassy-field.jpg</path>
	<source>
		<database>Unknown</database>
	</source>
	<size>
		<width>800</width>
		<height>545</height>
		<depth>3</depth>
	</size>
	<segmented>0</segmented>
	<object>
		<name>ball</name>
		<pose>Unspecified</pose>
		<truncated>0</truncated>
		<difficult>0</difficult>
		<bndbox>
			<xmin>225</xmin>
			<ymin>200</ymin>
			<xmax>356</xmax>
			<ymax>336</ymax>
		</bndbox>
	</object>
</annotation>
