<annotation>
	<folder> ball in grass</folder>
	<filename>227. compress-the-ball.jpg</filename>
	<path>D:\Projects\Robot\pictures\downloads\ ball in grass\227. compress-the-ball.jpg</path>
	<source>
		<database>Unknown</database>
	</source>
	<size>
		<width>800</width>
		<height>600</height>
		<depth>3</depth>
	</size>
	<segmented>0</segmented>
	<object>
		<name>ball</name>
		<pose>Unspecified</pose>
		<truncated>0</truncated>
		<difficult>0</difficult>
		<bndbox>
			<xmin>585</xmin>
			<ymin>444</ymin>
			<xmax>621</xmax>
			<ymax>481</ymax>
		</bndbox>
	</object>
	<object>
		<name>ball</name>
		<pose>Unspecified</pose>
		<truncated>0</truncated>
		<difficult>0</difficult>
		<bndbox>
			<xmin>287</xmin>
			<ymin>503</ymin>
			<xmax>322</xmax>
			<ymax>533</ymax>
		</bndbox>
	</object>
	<object>
		<name>ball</name>
		<pose>Unspecified</pose>
		<truncated>0</truncated>
		<difficult>0</difficult>
		<bndbox>
			<xmin>262</xmin>
			<ymin>508</ymin>
			<xmax>299</xmax>
			<ymax>540</ymax>
		</bndbox>
	</object>
</annotation>
