<annotation>
	<folder> ball in grass</folder>
	<filename>231. 938x452.jpg</filename>
	<path>D:\Projects\Robot\pictures\downloads\ ball in grass\231. 938x452.jpg</path>
	<source>
		<database>Unknown</database>
	</source>
	<size>
		<width>938</width>
		<height>452</height>
		<depth>3</depth>
	</size>
	<segmented>0</segmented>
	<object>
		<name>ball</name>
		<pose>Unspecified</pose>
		<truncated>0</truncated>
		<difficult>0</difficult>
		<bndbox>
			<xmin>336</xmin>
			<ymin>121</ymin>
			<xmax>557</xmax>
			<ymax>331</ymax>
		</bndbox>
	</object>
</annotation>
