<annotation>
	<folder> ball in grass</folder>
	<filename>232. r12972_800x450_16-9.jpg</filename>
	<path>D:\Projects\Robot\pictures\downloads\ ball in grass\232. r12972_800x450_16-9.jpg</path>
	<source>
		<database>Unknown</database>
	</source>
	<size>
		<width>800</width>
		<height>450</height>
		<depth>3</depth>
	</size>
	<segmented>0</segmented>
	<object>
		<name>ball</name>
		<pose>Unspecified</pose>
		<truncated>0</truncated>
		<difficult>0</difficult>
		<bndbox>
			<xmin>426</xmin>
			<ymin>359</ymin>
			<xmax>515</xmax>
			<ymax>435</ymax>
		</bndbox>
	</object>
</annotation>
