<annotation>
	<folder> ball in grass</folder>
	<filename>234. golf_tee_82568487-56a3d2943df78cf7727f6b59.jpg</filename>
	<path>D:\Projects\Robot\pictures\downloads\ ball in grass\234. golf_tee_82568487-56a3d2943df78cf7727f6b59.jpg</path>
	<source>
		<database>Unknown</database>
	</source>
	<size>
		<width>768</width>
		<height>512</height>
		<depth>3</depth>
	</size>
	<segmented>0</segmented>
	<object>
		<name>ball</name>
		<pose>Unspecified</pose>
		<truncated>0</truncated>
		<difficult>0</difficult>
		<bndbox>
			<xmin>163</xmin>
			<ymin>251</ymin>
			<xmax>279</xmax>
			<ymax>353</ymax>
		</bndbox>
	</object>
</annotation>
