<annotation>
	<folder> ball in grass</folder>
	<filename>236. 12392845-golf-ball-on-green-grass.jpg</filename>
	<path>D:\Projects\Robot\pictures\downloads\ ball in grass\236. 12392845-golf-ball-on-green-grass.jpg</path>
	<source>
		<database>Unknown</database>
	</source>
	<size>
		<width>300</width>
		<height>450</height>
		<depth>3</depth>
	</size>
	<segmented>0</segmented>
	<object>
		<name>ball</name>
		<pose>Unspecified</pose>
		<truncated>0</truncated>
		<difficult>0</difficult>
		<bndbox>
			<xmin>138</xmin>
			<ymin>344</ymin>
			<xmax>173</xmax>
			<ymax>380</ymax>
		</bndbox>
	</object>
</annotation>
