<annotation>
	<folder> ball in grass</folder>
	<filename>237. bocce-ball.jpg</filename>
	<path>D:\Projects\Robot\pictures\downloads\ ball in grass\237. bocce-ball.jpg</path>
	<source>
		<database>Unknown</database>
	</source>
	<size>
		<width>580</width>
		<height>370</height>
		<depth>3</depth>
	</size>
	<segmented>0</segmented>
	<object>
		<name>ball</name>
		<pose>Unspecified</pose>
		<truncated>0</truncated>
		<difficult>0</difficult>
		<bndbox>
			<xmin>167</xmin>
			<ymin>268</ymin>
			<xmax>246</xmax>
			<ymax>335</ymax>
		</bndbox>
	</object>
	<object>
		<name>ball</name>
		<pose>Unspecified</pose>
		<truncated>0</truncated>
		<difficult>0</difficult>
		<bndbox>
			<xmin>291</xmin>
			<ymin>275</ymin>
			<xmax>378</xmax>
			<ymax>356</ymax>
		</bndbox>
	</object>
	<object>
		<name>ball</name>
		<pose>Unspecified</pose>
		<truncated>0</truncated>
		<difficult>0</difficult>
		<bndbox>
			<xmin>338</xmin>
			<ymin>318</ymin>
			<xmax>392</xmax>
			<ymax>359</ymax>
		</bndbox>
	</object>
	<object>
		<name>ball</name>
		<pose>Unspecified</pose>
		<truncated>0</truncated>
		<difficult>0</difficult>
		<bndbox>
			<xmin>226</xmin>
			<ymin>72</ymin>
			<xmax>240</xmax>
			<ymax>87</ymax>
		</bndbox>
	</object>
</annotation>
