<annotation>
	<folder> ball in grass</folder>
	<filename>238. wimbledon-2-polonicult.jpg</filename>
	<path>D:\Projects\Robot\pictures\downloads\ ball in grass\238. wimbledon-2-polonicult.jpg</path>
	<source>
		<database>Unknown</database>
	</source>
	<size>
		<width>1024</width>
		<height>528</height>
		<depth>3</depth>
	</size>
	<segmented>0</segmented>
	<object>
		<name>ball</name>
		<pose>Unspecified</pose>
		<truncated>0</truncated>
		<difficult>0</difficult>
		<bndbox>
			<xmin>549</xmin>
			<ymin>274</ymin>
			<xmax>762</xmax>
			<ymax>493</ymax>
		</bndbox>
	</object>
</annotation>
