<annotation>
	<folder> ball in grass</folder>
	<filename>239. pexels-photo-102448.jpeg</filename>
	<path>D:\Projects\Robot\pictures\downloads\ ball in grass\239. pexels-photo-102448.jpeg</path>
	<source>
		<database>Unknown</database>
	</source>
	<size>
		<width>525</width>
		<height>350</height>
		<depth>3</depth>
	</size>
	<segmented>0</segmented>
	<object>
		<name>ball</name>
		<pose>Unspecified</pose>
		<truncated>0</truncated>
		<difficult>0</difficult>
		<bndbox>
			<xmin>32</xmin>
			<ymin>66</ymin>
			<xmax>281</xmax>
			<ymax>298</ymax>
		</bndbox>
	</object>
</annotation>
