<annotation>
	<folder> ball in grass</folder>
	<filename>242. ball-lineup.jpg</filename>
	<path>D:\Projects\Robot\pictures\downloads\ ball in grass\242. ball-lineup.jpg</path>
	<source>
		<database>Unknown</database>
	</source>
	<size>
		<width>640</width>
		<height>640</height>
		<depth>3</depth>
	</size>
	<segmented>0</segmented>
	<object>
		<name>ball</name>
		<pose>Unspecified</pose>
		<truncated>0</truncated>
		<difficult>0</difficult>
		<bndbox>
			<xmin>92</xmin>
			<ymin>271</ymin>
			<xmax>209</xmax>
			<ymax>398</ymax>
		</bndbox>
	</object>
	<object>
		<name>ball</name>
		<pose>Unspecified</pose>
		<truncated>0</truncated>
		<difficult>0</difficult>
		<bndbox>
			<xmin>199</xmin>
			<ymin>268</ymin>
			<xmax>331</xmax>
			<ymax>397</ymax>
		</bndbox>
	</object>
	<object>
		<name>ball</name>
		<pose>Unspecified</pose>
		<truncated>0</truncated>
		<difficult>0</difficult>
		<bndbox>
			<xmin>322</xmin>
			<ymin>269</ymin>
			<xmax>452</xmax>
			<ymax>396</ymax>
		</bndbox>
	</object>
	<object>
		<name>ball</name>
		<pose>Unspecified</pose>
		<truncated>0</truncated>
		<difficult>0</difficult>
		<bndbox>
			<xmin>453</xmin>
			<ymin>269</ymin>
			<xmax>597</xmax>
			<ymax>402</ymax>
		</bndbox>
	</object>
</annotation>
