<annotation>
	<folder> ball in grass</folder>
	<filename>244. canva-ball-in-grass-maapryvrrgo.jpg</filename>
	<path>D:\Projects\Robot\pictures\downloads\ ball in grass\244. canva-ball-in-grass-maapryvrrgo.jpg</path>
	<source>
		<database>Unknown</database>
	</source>
	<size>
		<width>366</width>
		<height>550</height>
		<depth>3</depth>
	</size>
	<segmented>0</segmented>
	<object>
		<name>ball</name>
		<pose>Unspecified</pose>
		<truncated>0</truncated>
		<difficult>0</difficult>
		<bndbox>
			<xmin>77</xmin>
			<ymin>313</ymin>
			<xmax>286</xmax>
			<ymax>522</ymax>
		</bndbox>
	</object>
</annotation>
