<annotation>
	<folder> ball in grass</folder>
	<filename>246. futballopta.png</filename>
	<path>D:\Projects\Robot\pictures\downloads\ ball in grass\246. futballopta.png</path>
	<source>
		<database>Unknown</database>
	</source>
	<size>
		<width>1200</width>
		<height>455</height>
		<depth>3</depth>
	</size>
	<segmented>0</segmented>
	<object>
		<name>ball</name>
		<pose>Unspecified</pose>
		<truncated>0</truncated>
		<difficult>0</difficult>
		<bndbox>
			<xmin>710</xmin>
			<ymin>55</ymin>
			<xmax>1107</xmax>
			<ymax>417</ymax>
		</bndbox>
	</object>
</annotation>
