<annotation>
	<folder> ball in grass</folder>
	<filename>247. adidas_jabulani_official_world_cup_2010_%284158450149%29.jpg</filename>
	<path>D:\Projects\Robot\pictures\downloads\ ball in grass\247. adidas_jabulani_official_world_cup_2010_%284158450149%29.jpg</path>
	<source>
		<database>Unknown</database>
	</source>
	<size>
		<width>458</width>
		<height>305</height>
		<depth>3</depth>
	</size>
	<segmented>0</segmented>
	<object>
		<name>ball</name>
		<pose>Unspecified</pose>
		<truncated>0</truncated>
		<difficult>0</difficult>
		<bndbox>
			<xmin>104</xmin>
			<ymin>47</ymin>
			<xmax>344</xmax>
			<ymax>289</ymax>
		</bndbox>
	</object>
</annotation>
