<annotation>
	<folder> ball in grass</folder>
	<filename>249. 500_f_62315504_ur0vmmf1lkfn2y84mmhtzdnfd6fpwd8r.jpg</filename>
	<path>D:\Projects\Robot\pictures\downloads\ ball in grass\249. 500_f_62315504_ur0vmmf1lkfn2y84mmhtzdnfd6fpwd8r.jpg</path>
	<source>
		<database>Unknown</database>
	</source>
	<size>
		<width>500</width>
		<height>334</height>
		<depth>3</depth>
	</size>
	<segmented>0</segmented>
	<object>
		<name>ball</name>
		<pose>Unspecified</pose>
		<truncated>0</truncated>
		<difficult>0</difficult>
		<bndbox>
			<xmin>358</xmin>
			<ymin>76</ymin>
			<xmax>419</xmax>
			<ymax>137</ymax>
		</bndbox>
	</object>
</annotation>
