<annotation>
	<folder> ball in grass</folder>
	<filename>250. stock-photo-soccer-ball-on-grass-in-soccer-stadium-520072783.jpg</filename>
	<path>D:\Projects\Robot\pictures\downloads\ ball in grass\250. stock-photo-soccer-ball-on-grass-in-soccer-stadium-520072783.jpg</path>
	<source>
		<database>Unknown</database>
	</source>
	<size>
		<width>450</width>
		<height>320</height>
		<depth>3</depth>
	</size>
	<segmented>0</segmented>
	<object>
		<name>ball</name>
		<pose>Unspecified</pose>
		<truncated>0</truncated>
		<difficult>0</difficult>
		<bndbox>
			<xmin>83</xmin>
			<ymin>118</ymin>
			<xmax>184</xmax>
			<ymax>223</ymax>
		</bndbox>
	</object>
</annotation>
