<annotation>
	<folder> ball in grass</folder>
	<filename>251. image.jpg</filename>
	<path>D:\Projects\Robot\pictures\downloads\ ball in grass\251. image.jpg</path>
	<source>
		<database>Unknown</database>
	</source>
	<size>
		<width>636</width>
		<height>393</height>
		<depth>3</depth>
	</size>
	<segmented>0</segmented>
	<object>
		<name>ball</name>
		<pose>Unspecified</pose>
		<truncated>0</truncated>
		<difficult>0</difficult>
		<bndbox>
			<xmin>101</xmin>
			<ymin>16</ymin>
			<xmax>272</xmax>
			<ymax>182</ymax>
		</bndbox>
	</object>
	<object>
		<name>ball</name>
		<pose>Unspecified</pose>
		<truncated>0</truncated>
		<difficult>0</difficult>
		<bndbox>
			<xmin>225</xmin>
			<ymin>266</ymin>
			<xmax>332</xmax>
			<ymax>380</ymax>
		</bndbox>
	</object>
</annotation>
