<annotation>
	<folder> ball in grass</folder>
	<filename>252. f21131f.jpg</filename>
	<path>D:\Projects\Robot\pictures\downloads\ ball in grass\252. f21131f.jpg</path>
	<source>
		<database>Unknown</database>
	</source>
	<size>
		<width>800</width>
		<height>536</height>
		<depth>3</depth>
	</size>
	<segmented>0</segmented>
	<object>
		<name>ball</name>
		<pose>Unspecified</pose>
		<truncated>0</truncated>
		<difficult>0</difficult>
		<bndbox>
			<xmin>363</xmin>
			<ymin>134</ymin>
			<xmax>521</xmax>
			<ymax>294</ymax>
		</bndbox>
	</object>
</annotation>
