<annotation>
	<folder> ball in grass</folder>
	<filename>253. football-ball-mock-up-design_1310-74.jpg</filename>
	<path>D:\Projects\Robot\pictures\downloads\ ball in grass\253. football-ball-mock-up-design_1310-74.jpg</path>
	<source>
		<database>Unknown</database>
	</source>
	<size>
		<width>626</width>
		<height>626</height>
		<depth>3</depth>
	</size>
	<segmented>0</segmented>
	<object>
		<name>ball</name>
		<pose>Unspecified</pose>
		<truncated>0</truncated>
		<difficult>0</difficult>
		<bndbox>
			<xmin>75</xmin>
			<ymin>47</ymin>
			<xmax>564</xmax>
			<ymax>539</ymax>
		</bndbox>
	</object>
</annotation>
