<annotation>
	<folder> ball in grass</folder>
	<filename>255. cut.jpg</filename>
	<path>D:\Projects\Robot\pictures\downloads\ ball in grass\255. cut.jpg</path>
	<source>
		<database>Unknown</database>
	</source>
	<size>
		<width>770</width>
		<height>308</height>
		<depth>3</depth>
	</size>
	<segmented>0</segmented>
	<object>
		<name>ball</name>
		<pose>Unspecified</pose>
		<truncated>0</truncated>
		<difficult>0</difficult>
		<bndbox>
			<xmin>189</xmin>
			<ymin>89</ymin>
			<xmax>353</xmax>
			<ymax>247</ymax>
		</bndbox>
	</object>
</annotation>
