<annotation>
	<folder> ball in grass</folder>
	<filename>258. dsc_1839web1-1024x635.jpg</filename>
	<path>D:\Projects\Robot\pictures\downloads\ ball in grass\258. dsc_1839web1-1024x635.jpg</path>
	<source>
		<database>Unknown</database>
	</source>
	<size>
		<width>1024</width>
		<height>635</height>
		<depth>3</depth>
	</size>
	<segmented>0</segmented>
	<object>
		<name>ball</name>
		<pose>Unspecified</pose>
		<truncated>0</truncated>
		<difficult>0</difficult>
		<bndbox>
			<xmin>676</xmin>
			<ymin>409</ymin>
			<xmax>745</xmax>
			<ymax>479</ymax>
		</bndbox>
	</object>
</annotation>
