<annotation>
	<folder> ball in grass</folder>
	<filename>259. bape-performance-golf-set-01.jpg</filename>
	<path>D:\Projects\Robot\pictures\downloads\ ball in grass\259. bape-performance-golf-set-01.jpg</path>
	<source>
		<database>Unknown</database>
	</source>
	<size>
		<width>800</width>
		<height>534</height>
		<depth>3</depth>
	</size>
	<segmented>0</segmented>
	<object>
		<name>ball</name>
		<pose>Unspecified</pose>
		<truncated>0</truncated>
		<difficult>0</difficult>
		<bndbox>
			<xmin>549</xmin>
			<ymin>394</ymin>
			<xmax>628</xmax>
			<ymax>470</ymax>
		</bndbox>
	</object>
	<object>
		<name>ball</name>
		<pose>Unspecified</pose>
		<truncated>0</truncated>
		<difficult>0</difficult>
		<bndbox>
			<xmin>472</xmin>
			<ymin>372</ymin>
			<xmax>545</xmax>
			<ymax>446</ymax>
		</bndbox>
	</object>
	<object>
		<name>ball</name>
		<pose>Unspecified</pose>
		<truncated>0</truncated>
		<difficult>0</difficult>
		<bndbox>
			<xmin>436</xmin>
			<ymin>348</ymin>
			<xmax>504</xmax>
			<ymax>414</ymax>
		</bndbox>
	</object>
</annotation>
