<annotation>
	<folder> ball in grass</folder>
	<filename>260. novinky_akcie1.jpg</filename>
	<path>D:\Projects\Robot\pictures\downloads\ ball in grass\260. novinky_akcie1.jpg</path>
	<source>
		<database>Unknown</database>
	</source>
	<size>
		<width>1024</width>
		<height>570</height>
		<depth>3</depth>
	</size>
	<segmented>0</segmented>
	<object>
		<name>ball</name>
		<pose>Unspecified</pose>
		<truncated>0</truncated>
		<difficult>0</difficult>
		<bndbox>
			<xmin>289</xmin>
			<ymin>290</ymin>
			<xmax>413</xmax>
			<ymax>418</ymax>
		</bndbox>
	</object>
</annotation>
