<annotation>
	<folder> ball in grass</folder>
	<filename>262. call-for-a-quote.jpg</filename>
	<path>D:\Projects\Robot\pictures\downloads\ ball in grass\262. call-for-a-quote.jpg</path>
	<source>
		<database>Unknown</database>
	</source>
	<size>
		<width>500</width>
		<height>375</height>
		<depth>3</depth>
	</size>
	<segmented>0</segmented>
	<object>
		<name>ball</name>
		<pose>Unspecified</pose>
		<truncated>0</truncated>
		<difficult>0</difficult>
		<bndbox>
			<xmin>210</xmin>
			<ymin>159</ymin>
			<xmax>385</xmax>
			<ymax>309</ymax>
		</bndbox>
	</object>
</annotation>
