<annotation>
	<folder> ball in grass</folder>
	<filename>263. 7062e223-65a4-4f77-8c77-3fa78261dda7.jpeg</filename>
	<path>D:\Projects\Robot\pictures\downloads\ ball in grass\263. 7062e223-65a4-4f77-8c77-3fa78261dda7.jpeg</path>
	<source>
		<database>Unknown</database>
	</source>
	<size>
		<width>1200</width>
		<height>375</height>
		<depth>3</depth>
	</size>
	<segmented>0</segmented>
	<object>
		<name>ball</name>
		<pose>Unspecified</pose>
		<truncated>0</truncated>
		<difficult>0</difficult>
		<bndbox>
			<xmin>613</xmin>
			<ymin>7</ymin>
			<xmax>1017</xmax>
			<ymax>374</ymax>
		</bndbox>
	</object>
</annotation>
