<annotation>
	<folder> ball in grass</folder>
	<filename>264. futbalistka.jpg</filename>
	<path>D:\Projects\Robot\pictures\downloads\ ball in grass\264. futbalistka.jpg</path>
	<source>
		<database>Unknown</database>
	</source>
	<size>
		<width>675</width>
		<height>450</height>
		<depth>3</depth>
	</size>
	<segmented>0</segmented>
	<object>
		<name>ball</name>
		<pose>Unspecified</pose>
		<truncated>0</truncated>
		<difficult>0</difficult>
		<bndbox>
			<xmin>346</xmin>
			<ymin>323</ymin>
			<xmax>414</xmax>
			<ymax>391</ymax>
		</bndbox>
	</object>
</annotation>
