<annotation>
	<folder> ball in grass</folder>
	<filename>267. stock-vector-soccer-ball-on-grass-56199568.jpg</filename>
	<path>D:\Projects\Robot\pictures\downloads\ ball in grass\267. stock-vector-soccer-ball-on-grass-56199568.jpg</path>
	<source>
		<database>Unknown</database>
	</source>
	<size>
		<width>450</width>
		<height>439</height>
		<depth>3</depth>
	</size>
	<segmented>0</segmented>
	<object>
		<name>ball</name>
		<pose>Unspecified</pose>
		<truncated>0</truncated>
		<difficult>0</difficult>
		<bndbox>
			<xmin>300</xmin>
			<ymin>255</ymin>
			<xmax>447</xmax>
			<ymax>393</ymax>
		</bndbox>
	</object>
</annotation>
