<annotation>
	<folder> ball in grass</folder>
	<filename>268. 6496.jpg</filename>
	<path>D:\Projects\Robot\pictures\downloads\ ball in grass\268. 6496.jpg</path>
	<source>
		<database>Unknown</database>
	</source>
	<size>
		<width>700</width>
		<height>420</height>
		<depth>3</depth>
	</size>
	<segmented>0</segmented>
	<object>
		<name>ball</name>
		<pose>Unspecified</pose>
		<truncated>0</truncated>
		<difficult>0</difficult>
		<bndbox>
			<xmin>220</xmin>
			<ymin>79</ymin>
			<xmax>479</xmax>
			<ymax>350</ymax>
		</bndbox>
	</object>
</annotation>
