<annotation>
	<folder> ball in grass</folder>
	<filename>269. bowls_2.jpg</filename>
	<path>D:\Projects\Robot\pictures\downloads\ ball in grass\269. bowls_2.jpg</path>
	<source>
		<database>Unknown</database>
	</source>
	<size>
		<width>680</width>
		<height>453</height>
		<depth>3</depth>
	</size>
	<segmented>0</segmented>
	<object>
		<name>ball</name>
		<pose>Unspecified</pose>
		<truncated>0</truncated>
		<difficult>0</difficult>
		<bndbox>
			<xmin>60</xmin>
			<ymin>371</ymin>
			<xmax>92</xmax>
			<ymax>405</ymax>
		</bndbox>
	</object>
</annotation>
