<annotation>
	<folder> ball in grass</folder>
	<filename>272. e-img-2361-5-800-535-0-ffffff.jpg</filename>
	<path>D:\Projects\Robot\pictures\downloads\ ball in grass\272. e-img-2361-5-800-535-0-ffffff.jpg</path>
	<source>
		<database>Unknown</database>
	</source>
	<size>
		<width>800</width>
		<height>535</height>
		<depth>3</depth>
	</size>
	<segmented>0</segmented>
	<object>
		<name>ball</name>
		<pose>Unspecified</pose>
		<truncated>0</truncated>
		<difficult>0</difficult>
		<bndbox>
			<xmin>665</xmin>
			<ymin>263</ymin>
			<xmax>713</xmax>
			<ymax>313</ymax>
		</bndbox>
	</object>
</annotation>
