<annotation>
	<folder> ball in grass</folder>
	<filename>273. 7683032-16x9-large.jpg</filename>
	<path>D:\Projects\Robot\pictures\downloads\ ball in grass\273. 7683032-16x9-large.jpg</path>
	<source>
		<database>Unknown</database>
	</source>
	<size>
		<width>500</width>
		<height>281</height>
		<depth>3</depth>
	</size>
	<segmented>0</segmented>
	<object>
		<name>ball</name>
		<pose>Unspecified</pose>
		<truncated>0</truncated>
		<difficult>0</difficult>
		<bndbox>
			<xmin>44</xmin>
			<ymin>138</ymin>
			<xmax>200</xmax>
			<ymax>256</ymax>
		</bndbox>
	</object>
	<object>
		<name>ball</name>
		<pose>Unspecified</pose>
		<truncated>0</truncated>
		<difficult>0</difficult>
		<bndbox>
			<xmin>201</xmin>
			<ymin>115</ymin>
			<xmax>381</xmax>
			<ymax>230</ymax>
		</bndbox>
	</object>
	<object>
		<name>ball</name>
		<pose>Unspecified</pose>
		<truncated>0</truncated>
		<difficult>0</difficult>
		<bndbox>
			<xmin>357</xmin>
			<ymin>100</ymin>
			<xmax>474</xmax>
			<ymax>218</ymax>
		</bndbox>
	</object>
</annotation>
