<annotation>
	<folder> ball in grass</folder>
	<filename>274. pm_tennis_balls.jpg</filename>
	<path>D:\Projects\Robot\pictures\downloads\ ball in grass\274. pm_tennis_balls.jpg</path>
	<source>
		<database>Unknown</database>
	</source>
	<size>
		<width>800</width>
		<height>533</height>
		<depth>3</depth>
	</size>
	<segmented>0</segmented>
	<object>
		<name>ball</name>
		<pose>Unspecified</pose>
		<truncated>0</truncated>
		<difficult>0</difficult>
		<bndbox>
			<xmin>72</xmin>
			<ymin>73</ymin>
			<xmax>288</xmax>
			<ymax>284</ymax>
		</bndbox>
	</object>
	<object>
		<name>ball</name>
		<pose>Unspecified</pose>
		<truncated>0</truncated>
		<difficult>0</difficult>
		<bndbox>
			<xmin>291</xmin>
			<ymin>34</ymin>
			<xmax>476</xmax>
			<ymax>216</ymax>
		</bndbox>
	</object>
	<object>
		<name>ball</name>
		<pose>Unspecified</pose>
		<truncated>0</truncated>
		<difficult>0</difficult>
		<bndbox>
			<xmin>479</xmin>
			<ymin>6</ymin>
			<xmax>643</xmax>
			<ymax>178</ymax>
		</bndbox>
	</object>
	<object>
		<name>ball</name>
		<pose>Unspecified</pose>
		<truncated>0</truncated>
		<difficult>0</difficult>
		<bndbox>
			<xmin>329</xmin>
			<ymin>185</ymin>
			<xmax>664</xmax>
			<ymax>517</ymax>
		</bndbox>
	</object>
</annotation>
