<annotation>
	<folder> ball in grass</folder>
	<filename>275. 634112_stock-photo-golf-tee-ball-club-driver-in-green-grass-course.jpg</filename>
	<path>D:\Projects\Robot\pictures\downloads\ ball in grass\275. 634112_stock-photo-golf-tee-ball-club-driver-in-green-grass-course.jpg</path>
	<source>
		<database>Unknown</database>
	</source>
	<size>
		<width>600</width>
		<height>400</height>
		<depth>3</depth>
	</size>
	<segmented>0</segmented>
	<object>
		<name>ball</name>
		<pose>Unspecified</pose>
		<truncated>0</truncated>
		<difficult>0</difficult>
		<bndbox>
			<xmin>308</xmin>
			<ymin>188</ymin>
			<xmax>402</xmax>
			<ymax>288</ymax>
		</bndbox>
	</object>
</annotation>
