<annotation>
	<folder> ball in grass</folder>
	<filename>277. slide_2.jpg</filename>
	<path>D:\Projects\Robot\pictures\downloads\ ball in grass\277. slide_2.jpg</path>
	<source>
		<database>Unknown</database>
	</source>
	<size>
		<width>1000</width>
		<height>447</height>
		<depth>3</depth>
	</size>
	<segmented>0</segmented>
	<object>
		<name>ball</name>
		<pose>Unspecified</pose>
		<truncated>1</truncated>
		<difficult>0</difficult>
		<bndbox>
			<xmin>1</xmin>
			<ymin>70</ymin>
			<xmax>389</xmax>
			<ymax>381</ymax>
		</bndbox>
	</object>
</annotation>
