<annotation>
	<folder> ball in grass</folder>
	<filename>278. 1.jpg</filename>
	<path>D:\Projects\Robot\pictures\downloads\ ball in grass\278. 1.jpg</path>
	<source>
		<database>Unknown</database>
	</source>
	<size>
		<width>910</width>
		<height>480</height>
		<depth>3</depth>
	</size>
	<segmented>0</segmented>
	<object>
		<name>ball</name>
		<pose>Unspecified</pose>
		<truncated>0</truncated>
		<difficult>0</difficult>
		<bndbox>
			<xmin>318</xmin>
			<ymin>280</ymin>
			<xmax>478</xmax>
			<ymax>442</ymax>
		</bndbox>
	</object>
</annotation>
