<annotation>
	<folder> ball in grass</folder>
	<filename>279. d84c6185-335e-11e8-8e7d-000c29a578f8.jpg</filename>
	<path>D:\Projects\Robot\pictures\downloads\ ball in grass\279. d84c6185-335e-11e8-8e7d-000c29a578f8.jpg</path>
	<source>
		<database>Unknown</database>
	</source>
	<size>
		<width>940</width>
		<height>245</height>
		<depth>3</depth>
	</size>
	<segmented>0</segmented>
	<object>
		<name>ball</name>
		<pose>Unspecified</pose>
		<truncated>0</truncated>
		<difficult>0</difficult>
		<bndbox>
			<xmin>128</xmin>
			<ymin>38</ymin>
			<xmax>355</xmax>
			<ymax>244</ymax>
		</bndbox>
	</object>
</annotation>
