<annotation>
	<folder> ball in grass</folder>
	<filename>283. golf.jpg</filename>
	<path>D:\Projects\Robot\pictures\downloads\ ball in grass\283. golf.jpg</path>
	<source>
		<database>Unknown</database>
	</source>
	<size>
		<width>824</width>
		<height>211</height>
		<depth>3</depth>
	</size>
	<segmented>0</segmented>
	<object>
		<name>ball</name>
		<pose>Unspecified</pose>
		<truncated>1</truncated>
		<difficult>0</difficult>
		<bndbox>
			<xmin>504</xmin>
			<ymin>72</ymin>
			<xmax>678</xmax>
			<ymax>211</ymax>
		</bndbox>
	</object>
</annotation>
