<annotation>
	<folder> ball in grass</folder>
	<filename>284. golf-ball-and-tee-on-grass-picture-id155143986.jpg</filename>
	<path>D:\Projects\Robot\pictures\downloads\ ball in grass\284. golf-ball-and-tee-on-grass-picture-id155143986.jpg</path>
	<source>
		<database>Unknown</database>
	</source>
	<size>
		<width>1024</width>
		<height>683</height>
		<depth>3</depth>
	</size>
	<segmented>0</segmented>
	<object>
		<name>ball</name>
		<pose>Unspecified</pose>
		<truncated>0</truncated>
		<difficult>0</difficult>
		<bndbox>
			<xmin>537</xmin>
			<ymin>172</ymin>
			<xmax>780</xmax>
			<ymax>416</ymax>
		</bndbox>
	</object>
</annotation>
