<annotation>
	<folder> ball in grass</folder>
	<filename>285. footgolf-megamenu.jpg</filename>
	<path>D:\Projects\Robot\pictures\downloads\ ball in grass\285. footgolf-megamenu.jpg</path>
	<source>
		<database>Unknown</database>
	</source>
	<size>
		<width>640</width>
		<height>274</height>
		<depth>3</depth>
	</size>
	<segmented>0</segmented>
	<object>
		<name>ball</name>
		<pose>Unspecified</pose>
		<truncated>0</truncated>
		<difficult>0</difficult>
		<bndbox>
			<xmin>68</xmin>
			<ymin>141</ymin>
			<xmax>202</xmax>
			<ymax>266</ymax>
		</bndbox>
	</object>
</annotation>
