<annotation>
	<folder> ball in grass</folder>
	<filename>286. futbal-lopta.jpg</filename>
	<path>D:\Projects\Robot\pictures\downloads\ ball in grass\286. futbal-lopta.jpg</path>
	<source>
		<database>Unknown</database>
	</source>
	<size>
		<width>660</width>
		<height>443</height>
		<depth>3</depth>
	</size>
	<segmented>0</segmented>
	<object>
		<name>ball</name>
		<pose>Unspecified</pose>
		<truncated>0</truncated>
		<difficult>0</difficult>
		<bndbox>
			<xmin>347</xmin>
			<ymin>199</ymin>
			<xmax>499</xmax>
			<ymax>341</ymax>
		</bndbox>
	</object>
</annotation>
