<annotation>
	<folder> ball in grass</folder>
	<filename>290. european-championship-football-2016-grass-163475.jpeg</filename>
	<path>D:\Projects\Robot\pictures\downloads\ ball in grass\290. european-championship-football-2016-grass-163475.jpeg</path>
	<source>
		<database>Unknown</database>
	</source>
	<size>
		<width>1200</width>
		<height>627</height>
		<depth>3</depth>
	</size>
	<segmented>0</segmented>
	<object>
		<name>ball</name>
		<pose>Unspecified</pose>
		<truncated>0</truncated>
		<difficult>0</difficult>
		<bndbox>
			<xmin>513</xmin>
			<ymin>2</ymin>
			<xmax>704</xmax>
			<ymax>156</ymax>
		</bndbox>
	</object>
	<object>
		<name>ball</name>
		<pose>Unspecified</pose>
		<truncated>1</truncated>
		<difficult>0</difficult>
		<bndbox>
			<xmin>313</xmin>
			<ymin>175</ymin>
			<xmax>887</xmax>
			<ymax>627</ymax>
		</bndbox>
	</object>
</annotation>
