<annotation>
	<folder> ball in grass</folder>
	<filename>292. _vyrp12_18pass-shoot-touch-control_2.jpg</filename>
	<path>D:\Projects\Robot\pictures\downloads\ ball in grass\292. _vyrp12_18pass-shoot-touch-control_2.jpg</path>
	<source>
		<database>Unknown</database>
	</source>
	<size>
		<width>1000</width>
		<height>640</height>
		<depth>3</depth>
	</size>
	<segmented>0</segmented>
	<object>
		<name>ball</name>
		<pose>Unspecified</pose>
		<truncated>0</truncated>
		<difficult>0</difficult>
		<bndbox>
			<xmin>719</xmin>
			<ymin>125</ymin>
			<xmax>966</xmax>
			<ymax>355</ymax>
		</bndbox>
	</object>
</annotation>
