<annotation>
	<folder> ball in grass</folder>
	<filename>293. 512px-wiffle_bat_and_ball.jpg</filename>
	<path>D:\Projects\Robot\pictures\downloads\ ball in grass\293. 512px-wiffle_bat_and_ball.jpg</path>
	<source>
		<database>Unknown</database>
	</source>
	<size>
		<width>512</width>
		<height>768</height>
		<depth>3</depth>
	</size>
	<segmented>0</segmented>
	<object>
		<name>ball</name>
		<pose>Unspecified</pose>
		<truncated>0</truncated>
		<difficult>0</difficult>
		<bndbox>
			<xmin>342</xmin>
			<ymin>438</ymin>
			<xmax>418</xmax>
			<ymax>512</ymax>
		</bndbox>
	</object>
</annotation>
