<annotation>
	<folder> ball in grass</folder>
	<filename>294. 636580137562289827-viera-soccer-fields-4.jpg</filename>
	<path>D:\Projects\Robot\pictures\downloads\ ball in grass\294. 636580137562289827-viera-soccer-fields-4.jpg</path>
	<source>
		<database>Unknown</database>
	</source>
	<size>
		<width>534</width>
		<height>401</height>
		<depth>3</depth>
	</size>
	<segmented>0</segmented>
	<object>
		<name>ball</name>
		<pose>Unspecified</pose>
		<truncated>1</truncated>
		<difficult>0</difficult>
		<bndbox>
			<xmin>1</xmin>
			<ymin>192</ymin>
			<xmax>234</xmax>
			<ymax>401</ymax>
		</bndbox>
	</object>
	<object>
		<name>ball</name>
		<pose>Unspecified</pose>
		<truncated>1</truncated>
		<difficult>0</difficult>
		<bndbox>
			<xmin>425</xmin>
			<ymin>229</ymin>
			<xmax>534</xmax>
			<ymax>390</ymax>
		</bndbox>
	</object>
</annotation>
