<annotation>
	<folder> ball in grass</folder>
	<filename>300. football-1396740_960_720_af08f5_md_a79dc0_md_010096_md_8aec22_sm.jpg</filename>
	<path>D:\Projects\Robot\pictures\downloads\ ball in grass\300. football-1396740_960_720_af08f5_md_a79dc0_md_010096_md_8aec22_sm.jpg</path>
	<source>
		<database>Unknown</database>
	</source>
	<size>
		<width>608</width>
		<height>342</height>
		<depth>3</depth>
	</size>
	<segmented>0</segmented>
	<object>
		<name>ball</name>
		<pose>Unspecified</pose>
		<truncated>0</truncated>
		<difficult>0</difficult>
		<bndbox>
			<xmin>213</xmin>
			<ymin>35</ymin>
			<xmax>520</xmax>
			<ymax>317</ymax>
		</bndbox>
	</object>
</annotation>
