<annotation>
	<folder> ball in grass</folder>
	<filename>303. 3051153_600x400.jpeg</filename>
	<path>D:\Projects\Robot\pictures\downloads\ ball in grass\303. 3051153_600x400.jpeg</path>
	<source>
		<database>Unknown</database>
	</source>
	<size>
		<width>600</width>
		<height>400</height>
		<depth>3</depth>
	</size>
	<segmented>0</segmented>
	<object>
		<name>ball</name>
		<pose>Unspecified</pose>
		<truncated>1</truncated>
		<difficult>0</difficult>
		<bndbox>
			<xmin>108</xmin>
			<ymin>21</ymin>
			<xmax>521</xmax>
			<ymax>400</ymax>
		</bndbox>
	</object>
</annotation>
