<annotation>
	<folder> ball in grass</folder>
	<filename>304. _vyr_3521futbal-postelne-ball-89050.jpg</filename>
	<path>D:\Projects\Robot\pictures\downloads\ ball in grass\304. _vyr_3521futbal-postelne-ball-89050.jpg</path>
	<source>
		<database>Unknown</database>
	</source>
	<size>
		<width>488</width>
		<height>650</height>
		<depth>3</depth>
	</size>
	<segmented>0</segmented>
	<object>
		<name>ball</name>
		<pose>Unspecified</pose>
		<truncated>0</truncated>
		<difficult>0</difficult>
		<bndbox>
			<xmin>230</xmin>
			<ymin>40</ymin>
			<xmax>380</xmax>
			<ymax>175</ymax>
		</bndbox>
	</object>
	<object>
		<name>ball</name>
		<pose>Unspecified</pose>
		<truncated>0</truncated>
		<difficult>0</difficult>
		<bndbox>
			<xmin>128</xmin>
			<ymin>322</ymin>
			<xmax>415</xmax>
			<ymax>574</ymax>
		</bndbox>
	</object>
</annotation>
