<annotation>
	<folder> ball in grass</folder>
	<filename>305. futbal-lopta-ilustrak.jpg</filename>
	<path>D:\Projects\Robot\pictures\downloads\ ball in grass\305. futbal-lopta-ilustrak.jpg</path>
	<source>
		<database>Unknown</database>
	</source>
	<size>
		<width>950</width>
		<height>634</height>
		<depth>3</depth>
	</size>
	<segmented>0</segmented>
	<object>
		<name>ball</name>
		<pose>Unspecified</pose>
		<truncated>0</truncated>
		<difficult>0</difficult>
		<bndbox>
			<xmin>522</xmin>
			<ymin>248</ymin>
			<xmax>773</xmax>
			<ymax>498</ymax>
		</bndbox>
	</object>
</annotation>
