<annotation>
	<folder> ball in grass</folder>
	<filename>310. 240_f_197327512_pvm9de8ufajlkkzz0khibuz53uofhqbx.jpg</filename>
	<path>D:\Projects\Robot\pictures\downloads\ ball in grass\310. 240_f_197327512_pvm9de8ufajlkkzz0khibuz53uofhqbx.jpg</path>
	<source>
		<database>Unknown</database>
	</source>
	<size>
		<width>659</width>
		<height>240</height>
		<depth>3</depth>
	</size>
	<segmented>0</segmented>
	<object>
		<name>ball</name>
		<pose>Unspecified</pose>
		<truncated>0</truncated>
		<difficult>0</difficult>
		<bndbox>
			<xmin>463</xmin>
			<ymin>68</ymin>
			<xmax>638</xmax>
			<ymax>236</ymax>
		</bndbox>
	</object>
</annotation>
