<annotation>
	<folder> ball in grass</folder>
	<filename>311. 1434_rugby-ball-2.jpg</filename>
	<path>D:\Projects\Robot\pictures\downloads\ ball in grass\311. 1434_rugby-ball-2.jpg</path>
	<source>
		<database>Unknown</database>
	</source>
	<size>
		<width>570</width>
		<height>760</height>
		<depth>3</depth>
	</size>
	<segmented>0</segmented>
	<object>
		<name>ball</name>
		<pose>Unspecified</pose>
		<truncated>0</truncated>
		<difficult>0</difficult>
		<bndbox>
			<xmin>207</xmin>
			<ymin>61</ymin>
			<xmax>530</xmax>
			<ymax>382</ymax>
		</bndbox>
	</object>
</annotation>
