<annotation>
	<folder> ball in grass</folder>
	<filename>312. showsiteimage.jpeg</filename>
	<path>D:\Projects\Robot\pictures\downloads\ ball in grass\312. showsiteimage.jpeg</path>
	<source>
		<database>Unknown</database>
	</source>
	<size>
		<width>900</width>
		<height>585</height>
		<depth>3</depth>
	</size>
	<segmented>0</segmented>
	<object>
		<name>ball</name>
		<pose>Unspecified</pose>
		<truncated>0</truncated>
		<difficult>0</difficult>
		<bndbox>
			<xmin>537</xmin>
			<ymin>290</ymin>
			<xmax>706</xmax>
			<ymax>465</ymax>
		</bndbox>
	</object>
</annotation>
