<annotation>
	<folder> ball in grass</folder>
	<filename>315. 2170824-baseball-ball-on-grass-vector.jpg</filename>
	<path>D:\Projects\Robot\pictures\downloads\ ball in grass\315. 2170824-baseball-ball-on-grass-vector.jpg</path>
	<source>
		<database>Unknown</database>
	</source>
	<size>
		<width>591</width>
		<height>800</height>
		<depth>3</depth>
	</size>
	<segmented>0</segmented>
	<object>
		<name>ball</name>
		<pose>Unspecified</pose>
		<truncated>0</truncated>
		<difficult>0</difficult>
		<bndbox>
			<xmin>231</xmin>
			<ymin>429</ymin>
			<xmax>564</xmax>
			<ymax>758</ymax>
		</bndbox>
	</object>
</annotation>
