<annotation>
	<folder> ball in grass</folder>
	<filename>316. football-2481235_960_720.jpg</filename>
	<path>D:\Projects\Robot\pictures\downloads\ ball in grass\316. football-2481235_960_720.jpg</path>
	<source>
		<database>Unknown</database>
	</source>
	<size>
		<width>960</width>
		<height>615</height>
		<depth>3</depth>
	</size>
	<segmented>0</segmented>
	<object>
		<name>ball</name>
		<pose>Unspecified</pose>
		<truncated>0</truncated>
		<difficult>0</difficult>
		<bndbox>
			<xmin>402</xmin>
			<ymin>64</ymin>
			<xmax>887</xmax>
			<ymax>543</ymax>
		</bndbox>
	</object>
</annotation>
