<annotation>
	<folder> ball in grass</folder>
	<filename>317. 8-gnome-bowling.jpg</filename>
	<path>D:\Projects\Robot\pictures\downloads\ ball in grass\317. 8-gnome-bowling.jpg</path>
	<source>
		<database>Unknown</database>
	</source>
	<size>
		<width>645</width>
		<height>606</height>
		<depth>3</depth>
	</size>
	<segmented>0</segmented>
	<object>
		<name>ball</name>
		<pose>Unspecified</pose>
		<truncated>1</truncated>
		<difficult>0</difficult>
		<bndbox>
			<xmin>281</xmin>
			<ymin>399</ymin>
			<xmax>494</xmax>
			<ymax>606</ymax>
		</bndbox>
	</object>
</annotation>
