<annotation>
	<folder> ball in grass</folder>
	<filename>318. marketing.jpg</filename>
	<path>D:\Projects\Robot\pictures\downloads\ ball in grass\318. marketing.jpg</path>
	<source>
		<database>Unknown</database>
	</source>
	<size>
		<width>400</width>
		<height>400</height>
		<depth>3</depth>
	</size>
	<segmented>0</segmented>
	<object>
		<name>ball</name>
		<pose>Unspecified</pose>
		<truncated>0</truncated>
		<difficult>0</difficult>
		<bndbox>
			<xmin>117</xmin>
			<ymin>120</ymin>
			<xmax>171</xmax>
			<ymax>174</ymax>
		</bndbox>
	</object>
</annotation>
