<annotation>
	<folder> ball in grass</folder>
	<filename>320. golf_aktivity_small.jpg</filename>
	<path>D:\Projects\Robot\pictures\downloads\ ball in grass\320. golf_aktivity_small.jpg</path>
	<source>
		<database>Unknown</database>
	</source>
	<size>
		<width>550</width>
		<height>338</height>
		<depth>3</depth>
	</size>
	<segmented>0</segmented>
	<object>
		<name>ball</name>
		<pose>Unspecified</pose>
		<truncated>0</truncated>
		<difficult>0</difficult>
		<bndbox>
			<xmin>213</xmin>
			<ymin>140</ymin>
			<xmax>289</xmax>
			<ymax>215</ymax>
		</bndbox>
	</object>
</annotation>
