<annotation>
	<folder> ball in grass</folder>
	<filename>321. secondary_match.jpg</filename>
	<path>D:\Projects\Robot\pictures\downloads\ ball in grass\321. secondary_match.jpg</path>
	<source>
		<database>Unknown</database>
	</source>
	<size>
		<width>570</width>
		<height>300</height>
		<depth>3</depth>
	</size>
	<segmented>0</segmented>
	<object>
		<name>ball</name>
		<pose>Unspecified</pose>
		<truncated>0</truncated>
		<difficult>0</difficult>
		<bndbox>
			<xmin>30</xmin>
			<ymin>77</ymin>
			<xmax>280</xmax>
			<ymax>223</ymax>
		</bndbox>
	</object>
	<object>
		<name>ball</name>
		<pose>Unspecified</pose>
		<truncated>0</truncated>
		<difficult>0</difficult>
		<bndbox>
			<xmin>149</xmin>
			<ymin>132</ymin>
			<xmax>411</xmax>
			<ymax>283</ymax>
		</bndbox>
	</object>
	<object>
		<name>ball</name>
		<pose>Unspecified</pose>
		<truncated>0</truncated>
		<difficult>0</difficult>
		<bndbox>
			<xmin>264</xmin>
			<ymin>72</ymin>
			<xmax>531</xmax>
			<ymax>209</ymax>
		</bndbox>
	</object>
</annotation>
