<annotation>
	<folder> ball in grass</folder>
	<filename>325. golf-balls.jpg</filename>
	<path>D:\Projects\Robot\pictures\downloads\ ball in grass\325. golf-balls.jpg</path>
	<source>
		<database>Unknown</database>
	</source>
	<size>
		<width>600</width>
		<height>309</height>
		<depth>3</depth>
	</size>
	<segmented>0</segmented>
	<object>
		<name>ball</name>
		<pose>Unspecified</pose>
		<truncated>0</truncated>
		<difficult>0</difficult>
		<bndbox>
			<xmin>218</xmin>
			<ymin>98</ymin>
			<xmax>439</xmax>
			<ymax>302</ymax>
		</bndbox>
	</object>
	<object>
		<name>ball</name>
		<pose>Unspecified</pose>
		<truncated>0</truncated>
		<difficult>0</difficult>
		<bndbox>
			<xmin>11</xmin>
			<ymin>58</ymin>
			<xmax>180</xmax>
			<ymax>211</ymax>
		</bndbox>
	</object>
	<object>
		<name>ball</name>
		<pose>Unspecified</pose>
		<truncated>1</truncated>
		<difficult>0</difficult>
		<bndbox>
			<xmin>448</xmin>
			<ymin>1</ymin>
			<xmax>592</xmax>
			<ymax>119</ymax>
		</bndbox>
	</object>
</annotation>
