<annotation>
	<folder> ball in grass</folder>
	<filename>326. golf_flow_background_310258.jpg</filename>
	<path>D:\Projects\Robot\pictures\downloads\ ball in grass\326. golf_flow_background_310258.jpg</path>
	<source>
		<database>Unknown</database>
	</source>
	<size>
		<width>361</width>
		<height>368</height>
		<depth>3</depth>
	</size>
	<segmented>0</segmented>
	<object>
		<name>ball</name>
		<pose>Unspecified</pose>
		<truncated>0</truncated>
		<difficult>0</difficult>
		<bndbox>
			<xmin>58</xmin>
			<ymin>187</ymin>
			<xmax>162</xmax>
			<ymax>281</ymax>
		</bndbox>
	</object>
</annotation>
