<annotation>
	<folder> ball in grass</folder>
	<filename>328. 67b4825_copy_grande.jpg</filename>
	<path>D:\Projects\Robot\pictures\downloads\ ball in grass\328. 67b4825_copy_grande.jpg</path>
	<source>
		<database>Unknown</database>
	</source>
	<size>
		<width>600</width>
		<height>600</height>
		<depth>3</depth>
	</size>
	<segmented>0</segmented>
	<object>
		<name>ball</name>
		<pose>Unspecified</pose>
		<truncated>0</truncated>
		<difficult>0</difficult>
		<bndbox>
			<xmin>202</xmin>
			<ymin>215</ymin>
			<xmax>249</xmax>
			<ymax>254</ymax>
		</bndbox>
	</object>
	<object>
		<name>ball</name>
		<pose>Unspecified</pose>
		<truncated>0</truncated>
		<difficult>0</difficult>
		<bndbox>
			<xmin>249</xmin>
			<ymin>204</ymin>
			<xmax>294</xmax>
			<ymax>239</ymax>
		</bndbox>
	</object>
	<object>
		<name>ball</name>
		<pose>Unspecified</pose>
		<truncated>0</truncated>
		<difficult>0</difficult>
		<bndbox>
			<xmin>327</xmin>
			<ymin>202</ymin>
			<xmax>371</xmax>
			<ymax>235</ymax>
		</bndbox>
	</object>
	<object>
		<name>ball</name>
		<pose>Unspecified</pose>
		<truncated>0</truncated>
		<difficult>0</difficult>
		<bndbox>
			<xmin>481</xmin>
			<ymin>209</ymin>
			<xmax>531</xmax>
			<ymax>255</ymax>
		</bndbox>
	</object>
	<object>
		<name>ball</name>
		<pose>Unspecified</pose>
		<truncated>0</truncated>
		<difficult>0</difficult>
		<bndbox>
			<xmin>249</xmin>
			<ymin>254</ymin>
			<xmax>287</xmax>
			<ymax>285</ymax>
		</bndbox>
	</object>
</annotation>
