<annotation>
	<folder> ball in grass</folder>
	<filename>329. dog-running-with-tough-ball.jpg</filename>
	<path>D:\Projects\Robot\pictures\downloads\ ball in grass\329. dog-running-with-tough-ball.jpg</path>
	<source>
		<database>Unknown</database>
	</source>
	<size>
		<width>400</width>
		<height>400</height>
		<depth>3</depth>
	</size>
	<segmented>0</segmented>
	<object>
		<name>ball</name>
		<pose>Unspecified</pose>
		<truncated>0</truncated>
		<difficult>0</difficult>
		<bndbox>
			<xmin>74</xmin>
			<ymin>116</ymin>
			<xmax>132</xmax>
			<ymax>174</ymax>
		</bndbox>
	</object>
</annotation>
