<annotation>
	<folder> ball in grass</folder>
	<filename>331. p03wg776.jpg</filename>
	<path>D:\Projects\Robot\pictures\downloads\ ball in grass\331. p03wg776.jpg</path>
	<source>
		<database>Unknown</database>
	</source>
	<size>
		<width>480</width>
		<height>270</height>
		<depth>3</depth>
	</size>
	<segmented>0</segmented>
	<object>
		<name>ball</name>
		<pose>Unspecified</pose>
		<truncated>0</truncated>
		<difficult>0</difficult>
		<bndbox>
			<xmin>188</xmin>
			<ymin>41</ymin>
			<xmax>452</xmax>
			<ymax>241</ymax>
		</bndbox>
	</object>
</annotation>
