<annotation>
	<folder> ball in grass</folder>
	<filename>333. ronaldo.jpg</filename>
	<path>D:\Projects\Robot\pictures\downloads\ ball in grass\333. ronaldo.jpg</path>
	<source>
		<database>Unknown</database>
	</source>
	<size>
		<width>960</width>
		<height>770</height>
		<depth>3</depth>
	</size>
	<segmented>0</segmented>
	<object>
		<name>ball</name>
		<pose>Unspecified</pose>
		<truncated>0</truncated>
		<difficult>0</difficult>
		<bndbox>
			<xmin>458</xmin>
			<ymin>485</ymin>
			<xmax>545</xmax>
			<ymax>569</ymax>
		</bndbox>
	</object>
	<object>
		<name>ball</name>
		<pose>Unspecified</pose>
		<truncated>0</truncated>
		<difficult>0</difficult>
		<bndbox>
			<xmin>733</xmin>
			<ymin>187</ymin>
			<xmax>906</xmax>
			<ymax>390</ymax>
		</bndbox>
	</object>
</annotation>
