<annotation>
	<folder> ball in grass</folder>
	<filename>334. 469291393-56a1df575f9b58b7d0c4066e.jpg</filename>
	<path>D:\Projects\Robot\pictures\downloads\ ball in grass\334. 469291393-56a1df575f9b58b7d0c4066e.jpg</path>
	<source>
		<database>Unknown</database>
	</source>
	<size>
		<width>735</width>
		<height>490</height>
		<depth>3</depth>
	</size>
	<segmented>0</segmented>
	<object>
		<name>ball</name>
		<pose>Unspecified</pose>
		<truncated>0</truncated>
		<difficult>0</difficult>
		<bndbox>
			<xmin>615</xmin>
			<ymin>173</ymin>
			<xmax>656</xmax>
			<ymax>217</ymax>
		</bndbox>
	</object>
</annotation>
