<annotation>
	<folder> ball in grass</folder>
	<filename>335. golf_tee-time.jpg</filename>
	<path>D:\Projects\Robot\pictures\downloads\ ball in grass\335. golf_tee-time.jpg</path>
	<source>
		<database>Unknown</database>
	</source>
	<size>
		<width>500</width>
		<height>375</height>
		<depth>3</depth>
	</size>
	<segmented>0</segmented>
	<object>
		<name>ball</name>
		<pose>Unspecified</pose>
		<truncated>0</truncated>
		<difficult>0</difficult>
		<bndbox>
			<xmin>202</xmin>
			<ymin>97</ymin>
			<xmax>318</xmax>
			<ymax>210</ymax>
		</bndbox>
	</object>
</annotation>
