<annotation>
	<folder> ball in grass</folder>
	<filename>336. soccer-ball-grass-6261777.jpg</filename>
	<path>D:\Projects\Robot\pictures\downloads\ ball in grass\336. soccer-ball-grass-6261777.jpg</path>
	<source>
		<database>Unknown</database>
	</source>
	<size>
		<width>400</width>
		<height>325</height>
		<depth>3</depth>
	</size>
	<segmented>0</segmented>
	<object>
		<name>ball</name>
		<pose>Unspecified</pose>
		<truncated>0</truncated>
		<difficult>0</difficult>
		<bndbox>
			<xmin>57</xmin>
			<ymin>188</ymin>
			<xmax>187</xmax>
			<ymax>305</ymax>
		</bndbox>
	</object>
</annotation>
