<annotation>
	<folder> ball in grass</folder>
	<filename>337. robball.jpg</filename>
	<path>D:\Projects\Robot\pictures\downloads\ ball in grass\337. robball.jpg</path>
	<source>
		<database>Unknown</database>
	</source>
	<size>
		<width>480</width>
		<height>303</height>
		<depth>3</depth>
	</size>
	<segmented>0</segmented>
	<object>
		<name>ball</name>
		<pose>Unspecified</pose>
		<truncated>0</truncated>
		<difficult>0</difficult>
		<bndbox>
			<xmin>355</xmin>
			<ymin>205</ymin>
			<xmax>450</xmax>
			<ymax>301</ymax>
		</bndbox>
	</object>
</annotation>
