<annotation>
	<folder> ball in grass</folder>
	<filename>339. close-up-of-ball-on-grass-during-practice-e8fxf8.jpg</filename>
	<path>D:\Projects\Robot\pictures\downloads\ ball in grass\339. close-up-of-ball-on-grass-during-practice-e8fxf8.jpg</path>
	<source>
		<database>Unknown</database>
	</source>
	<size>
		<width>640</width>
		<height>500</height>
		<depth>3</depth>
	</size>
	<segmented>0</segmented>
	<object>
		<name>ball</name>
		<pose>Unspecified</pose>
		<truncated>1</truncated>
		<difficult>0</difficult>
		<bndbox>
			<xmin>1</xmin>
			<ymin>154</ymin>
			<xmax>319</xmax>
			<ymax>392</ymax>
		</bndbox>
	</object>
</annotation>
