<annotation>
	<folder> ball in grass</folder>
	<filename>340. 4-soccer-drills-you-can-do-on-your-own-anywhere-stack.jpg</filename>
	<path>D:\Projects\Robot\pictures\downloads\ ball in grass\340. 4-soccer-drills-you-can-do-on-your-own-anywhere-stack.jpg</path>
	<source>
		<database>Unknown</database>
	</source>
	<size>
		<width>654</width>
		<height>368</height>
		<depth>3</depth>
	</size>
	<segmented>0</segmented>
	<object>
		<name>ball</name>
		<pose>Unspecified</pose>
		<truncated>1</truncated>
		<difficult>0</difficult>
		<bndbox>
			<xmin>303</xmin>
			<ymin>141</ymin>
			<xmax>578</xmax>
			<ymax>368</ymax>
		</bndbox>
	</object>
</annotation>
