<annotation>
	<folder> ball in grass</folder>
	<filename>341. 04.jpg</filename>
	<path>D:\Projects\Robot\pictures\downloads\ ball in grass\341. 04.jpg</path>
	<source>
		<database>Unknown</database>
	</source>
	<size>
		<width>800</width>
		<height>361</height>
		<depth>3</depth>
	</size>
	<segmented>0</segmented>
	<object>
		<name>ball</name>
		<pose>Unspecified</pose>
		<truncated>0</truncated>
		<difficult>0</difficult>
		<bndbox>
			<xmin>136</xmin>
			<ymin>69</ymin>
			<xmax>419</xmax>
			<ymax>357</ymax>
		</bndbox>
	</object>
</annotation>
