<annotation>
	<folder> ball in grass</folder>
	<filename>344. 6-sometimes-the-sun-pretends-to-be-a-ball-resting-in-the-grass.jpg</filename>
	<path>D:\Projects\Robot\pictures\downloads\ ball in grass\344. 6-sometimes-the-sun-pretends-to-be-a-ball-resting-in-the-grass.jpg</path>
	<source>
		<database>Unknown</database>
	</source>
	<size>
		<width>1000</width>
		<height>750</height>
		<depth>3</depth>
	</size>
	<segmented>0</segmented>
	<object>
		<name>ball</name>
		<pose>Unspecified</pose>
		<truncated>0</truncated>
		<difficult>0</difficult>
		<bndbox>
			<xmin>324</xmin>
			<ymin>254</ymin>
			<xmax>752</xmax>
			<ymax>695</ymax>
		</bndbox>
	</object>
</annotation>
