<annotation>
	<folder> ball in grass</folder>
	<filename>347. new_glt_watch.jpg</filename>
	<path>D:\Projects\Robot\pictures\downloads\ ball in grass\347. new_glt_watch.jpg</path>
	<source>
		<database>Unknown</database>
	</source>
	<size>
		<width>970</width>
		<height>546</height>
		<depth>3</depth>
	</size>
	<segmented>0</segmented>
	<object>
		<name>ball</name>
		<pose>Unspecified</pose>
		<truncated>0</truncated>
		<difficult>0</difficult>
		<bndbox>
			<xmin>471</xmin>
			<ymin>334</ymin>
			<xmax>605</xmax>
			<ymax>474</ymax>
		</bndbox>
	</object>
</annotation>
