<annotation>
	<folder> ball in grass</folder>
	<filename>349. 1024px-used_cricket_ball.jpg</filename>
	<path>D:\Projects\Robot\pictures\downloads\ ball in grass\349. 1024px-used_cricket_ball.jpg</path>
	<source>
		<database>Unknown</database>
	</source>
	<size>
		<width>1024</width>
		<height>683</height>
		<depth>3</depth>
	</size>
	<segmented>0</segmented>
	<object>
		<name>ball</name>
		<pose>Unspecified</pose>
		<truncated>0</truncated>
		<difficult>0</difficult>
		<bndbox>
			<xmin>307</xmin>
			<ymin>159</ymin>
			<xmax>704</xmax>
			<ymax>556</ymax>
		</bndbox>
	</object>
</annotation>
