<annotation>
	<folder> ball in grass</folder>
	<filename>350. 500_f_112863171_i6vtqrdft9xqp0ivnxq1shsegdixka8t.jpg</filename>
	<path>D:\Projects\Robot\pictures\downloads\ ball in grass\350. 500_f_112863171_i6vtqrdft9xqp0ivnxq1shsegdixka8t.jpg</path>
	<source>
		<database>Unknown</database>
	</source>
	<size>
		<width>500</width>
		<height>334</height>
		<depth>3</depth>
	</size>
	<segmented>0</segmented>
	<object>
		<name>ball</name>
		<pose>Unspecified</pose>
		<truncated>0</truncated>
		<difficult>0</difficult>
		<bndbox>
			<xmin>292</xmin>
			<ymin>219</ymin>
			<xmax>384</xmax>
			<ymax>313</ymax>
		</bndbox>
	</object>
</annotation>
