<annotation>
	<folder> ball in grass</folder>
	<filename>353. 3725522-melia-varadero.jpg</filename>
	<path>D:\Projects\Robot\pictures\downloads\ ball in grass\353. 3725522-melia-varadero.jpg</path>
	<source>
		<database>Unknown</database>
	</source>
	<size>
		<width>940</width>
		<height>407</height>
		<depth>3</depth>
	</size>
	<segmented>0</segmented>
	<object>
		<name>ball</name>
		<pose>Unspecified</pose>
		<truncated>1</truncated>
		<difficult>0</difficult>
		<bndbox>
			<xmin>4</xmin>
			<ymin>112</ymin>
			<xmax>365</xmax>
			<ymax>407</ymax>
		</bndbox>
	</object>
</annotation>
