<annotation>
	<folder> ball in grass</folder>
	<filename>356. american-football-ball-close-to-white-line-on-playing-field-picture-id676900193.jpg</filename>
	<path>D:\Projects\Robot\pictures\downloads\ ball in grass\356. american-football-ball-close-to-white-line-on-playing-field-picture-id676900193.jpg</path>
	<source>
		<database>Unknown</database>
	</source>
	<size>
		<width>1024</width>
		<height>682</height>
		<depth>3</depth>
	</size>
	<segmented>0</segmented>
	<object>
		<name>ball</name>
		<pose>Unspecified</pose>
		<truncated>0</truncated>
		<difficult>0</difficult>
		<bndbox>
			<xmin>434</xmin>
			<ymin>120</ymin>
			<xmax>776</xmax>
			<ymax>322</ymax>
		</bndbox>
	</object>
</annotation>
