<annotation>
	<folder> ball in grass</folder>
	<filename>357. 7975792-close-up-with-a-golf-ball.jpg</filename>
	<path>D:\Projects\Robot\pictures\downloads\ ball in grass\357. 7975792-close-up-with-a-golf-ball.jpg</path>
	<source>
		<database>Unknown</database>
	</source>
	<size>
		<width>450</width>
		<height>289</height>
		<depth>3</depth>
	</size>
	<segmented>0</segmented>
	<object>
		<name>ball</name>
		<pose>Unspecified</pose>
		<truncated>0</truncated>
		<difficult>0</difficult>
		<bndbox>
			<xmin>72</xmin>
			<ymin>97</ymin>
			<xmax>155</xmax>
			<ymax>176</ymax>
		</bndbox>
	</object>
</annotation>
