<annotation>
	<folder> ball in grass</folder>
	<filename>363. sales-manager-germany-500x383.jpg</filename>
	<path>D:\Projects\Robot\pictures\downloads\ ball in grass\363. sales-manager-germany-500x383.jpg</path>
	<source>
		<database>Unknown</database>
	</source>
	<size>
		<width>500</width>
		<height>383</height>
		<depth>3</depth>
	</size>
	<segmented>0</segmented>
	<object>
		<name>ball</name>
		<pose>Unspecified</pose>
		<truncated>0</truncated>
		<difficult>0</difficult>
		<bndbox>
			<xmin>268</xmin>
			<ymin>86</ymin>
			<xmax>454</xmax>
			<ymax>268</ymax>
		</bndbox>
	</object>
</annotation>
