<annotation>
	<folder> ball in grass</folder>
	<filename>367. stock-vector-football-soccer-ball-on-grass-on-stadium-vector-illustration-sports-background-501363553.jpg</filename>
	<path>D:\Projects\Robot\pictures\downloads\ ball in grass\367. stock-vector-football-soccer-ball-on-grass-on-stadium-vector-illustration-sports-background-501363553.jpg</path>
	<source>
		<database>Unknown</database>
	</source>
	<size>
		<width>450</width>
		<height>320</height>
		<depth>3</depth>
	</size>
	<segmented>0</segmented>
	<object>
		<name>ball</name>
		<pose>Unspecified</pose>
		<truncated>0</truncated>
		<difficult>0</difficult>
		<bndbox>
			<xmin>116</xmin>
			<ymin>44</ymin>
			<xmax>332</xmax>
			<ymax>249</ymax>
		</bndbox>
	</object>
</annotation>
