<annotation>
	<folder> ball in grass</folder>
	<filename>368. e-img-7176-5-800-535-0-ffffff.jpg</filename>
	<path>D:\Projects\Robot\pictures\downloads\ ball in grass\368. e-img-7176-5-800-535-0-ffffff.jpg</path>
	<source>
		<database>Unknown</database>
	</source>
	<size>
		<width>800</width>
		<height>535</height>
		<depth>3</depth>
	</size>
	<segmented>0</segmented>
	<object>
		<name>ball</name>
		<pose>Unspecified</pose>
		<truncated>0</truncated>
		<difficult>0</difficult>
		<bndbox>
			<xmin>133</xmin>
			<ymin>77</ymin>
			<xmax>225</xmax>
			<ymax>168</ymax>
		</bndbox>
	</object>
	<object>
		<name>ball</name>
		<pose>Unspecified</pose>
		<truncated>0</truncated>
		<difficult>0</difficult>
		<bndbox>
			<xmin>370</xmin>
			<ymin>43</ymin>
			<xmax>458</xmax>
			<ymax>134</ymax>
		</bndbox>
	</object>
	<object>
		<name>ball</name>
		<pose>Unspecified</pose>
		<truncated>0</truncated>
		<difficult>0</difficult>
		<bndbox>
			<xmin>593</xmin>
			<ymin>144</ymin>
			<xmax>678</xmax>
			<ymax>233</ymax>
		</bndbox>
	</object>
	<object>
		<name>ball</name>
		<pose>Unspecified</pose>
		<truncated>0</truncated>
		<difficult>0</difficult>
		<bndbox>
			<xmin>684</xmin>
			<ymin>413</ymin>
			<xmax>756</xmax>
			<ymax>479</ymax>
		</bndbox>
	</object>
	<object>
		<name>ball</name>
		<pose>Unspecified</pose>
		<truncated>0</truncated>
		<difficult>0</difficult>
		<bndbox>
			<xmin>478</xmin>
			<ymin>412</ymin>
			<xmax>547</xmax>
			<ymax>478</ymax>
		</bndbox>
	</object>
</annotation>
