<annotation>
	<folder> ball in grass</folder>
	<filename>369. golf-ball-in-rough-2.jpg</filename>
	<path>D:\Projects\Robot\pictures\downloads\ ball in grass\369. golf-ball-in-rough-2.jpg</path>
	<source>
		<database>Unknown</database>
	</source>
	<size>
		<width>625</width>
		<height>254</height>
		<depth>3</depth>
	</size>
	<segmented>0</segmented>
	<object>
		<name>ball</name>
		<pose>Unspecified</pose>
		<truncated>0</truncated>
		<difficult>0</difficult>
		<bndbox>
			<xmin>210</xmin>
			<ymin>27</ymin>
			<xmax>413</xmax>
			<ymax>216</ymax>
		</bndbox>
	</object>
</annotation>
