<annotation>
	<folder> ball in grass</folder>
	<filename>370. golfer-placing-golf-ball-on-tee_13339-44098.jpg</filename>
	<path>D:\Projects\Robot\pictures\downloads\ ball in grass\370. golfer-placing-golf-ball-on-tee_13339-44098.jpg</path>
	<source>
		<database>Unknown</database>
	</source>
	<size>
		<width>626</width>
		<height>417</height>
		<depth>3</depth>
	</size>
	<segmented>0</segmented>
	<object>
		<name>ball</name>
		<pose>Unspecified</pose>
		<truncated>0</truncated>
		<difficult>0</difficult>
		<bndbox>
			<xmin>408</xmin>
			<ymin>257</ymin>
			<xmax>465</xmax>
			<ymax>318</ymax>
		</bndbox>
	</object>
</annotation>
