<annotation>
	<folder> ball in grass</folder>
	<filename>371. na-stenu-futbalova-lopta.jpg</filename>
	<path>D:\Projects\Robot\pictures\downloads\ ball in grass\371. na-stenu-futbalova-lopta.jpg</path>
	<source>
		<database>Unknown</database>
	</source>
	<size>
		<width>700</width>
		<height>467</height>
		<depth>3</depth>
	</size>
	<segmented>0</segmented>
	<object>
		<name>ball</name>
		<pose>Unspecified</pose>
		<truncated>0</truncated>
		<difficult>0</difficult>
		<bndbox>
			<xmin>439</xmin>
			<ymin>242</ymin>
			<xmax>660</xmax>
			<ymax>452</ymax>
		</bndbox>
	</object>
</annotation>
