<annotation>
	<folder> ball in grass</folder>
	<filename>373. american_football_football_sports_ball_grass-492687.jpg</filename>
	<path>D:\Projects\Robot\pictures\downloads\ ball in grass\373. american_football_football_sports_ball_grass-492687.jpg</path>
	<source>
		<database>Unknown</database>
	</source>
	<size>
		<width>510</width>
		<height>340</height>
		<depth>3</depth>
	</size>
	<segmented>0</segmented>
	<object>
		<name>ball</name>
		<pose>Unspecified</pose>
		<truncated>0</truncated>
		<difficult>0</difficult>
		<bndbox>
			<xmin>130</xmin>
			<ymin>81</ymin>
			<xmax>395</xmax>
			<ymax>234</ymax>
		</bndbox>
	</object>
</annotation>
