<annotation>
	<folder> ball in grass</folder>
	<filename>374. stock-photo-green-grass-macro-golf-ball-for-background-646243021.jpg</filename>
	<path>D:\Projects\Robot\pictures\downloads\ ball in grass\374. stock-photo-green-grass-macro-golf-ball-for-background-646243021.jpg</path>
	<source>
		<database>Unknown</database>
	</source>
	<size>
		<width>450</width>
		<height>320</height>
		<depth>3</depth>
	</size>
	<segmented>0</segmented>
	<object>
		<name>ball</name>
		<pose>Unspecified</pose>
		<truncated>0</truncated>
		<difficult>0</difficult>
		<bndbox>
			<xmin>50</xmin>
			<ymin>77</ymin>
			<xmax>148</xmax>
			<ymax>165</ymax>
		</bndbox>
	</object>
</annotation>
