<annotation>
	<folder> ball in grass</folder>
	<filename>377. 91zq7juk1nl._sx522_.jpg</filename>
	<path>D:\Projects\Robot\pictures\downloads\ ball in grass\377. 91zq7juk1nl._sx522_.jpg</path>
	<source>
		<database>Unknown</database>
	</source>
	<size>
		<width>522</width>
		<height>527</height>
		<depth>3</depth>
	</size>
	<segmented>0</segmented>
	<object>
		<name>ball</name>
		<pose>Unspecified</pose>
		<truncated>0</truncated>
		<difficult>0</difficult>
		<bndbox>
			<xmin>291</xmin>
			<ymin>286</ymin>
			<xmax>315</xmax>
			<ymax>312</ymax>
		</bndbox>
	</object>
</annotation>
