<annotation>
	<folder> ball in grass</folder>
	<filename>378. 2016_05_21_futbal_luzna_17.jpg</filename>
	<path>D:\Projects\Robot\pictures\downloads\ ball in grass\378. 2016_05_21_futbal_luzna_17.jpg</path>
	<source>
		<database>Unknown</database>
	</source>
	<size>
		<width>600</width>
		<height>400</height>
		<depth>3</depth>
	</size>
	<segmented>0</segmented>
	<object>
		<name>ball</name>
		<pose>Unspecified</pose>
		<truncated>0</truncated>
		<difficult>0</difficult>
		<bndbox>
			<xmin>412</xmin>
			<ymin>106</ymin>
			<xmax>459</xmax>
			<ymax>155</ymax>
		</bndbox>
	</object>
</annotation>
