<annotation>
	<folder> ball in grass</folder>
	<filename>381. n2cq9e9cnn9is4h5jlx5.jpg</filename>
	<path>D:\Projects\Robot\pictures\downloads\ ball in grass\381. n2cq9e9cnn9is4h5jlx5.jpg</path>
	<source>
		<database>Unknown</database>
	</source>
	<size>
		<width>800</width>
		<height>450</height>
		<depth>3</depth>
	</size>
	<segmented>0</segmented>
	<object>
		<name>ball</name>
		<pose>Unspecified</pose>
		<truncated>0</truncated>
		<difficult>0</difficult>
		<bndbox>
			<xmin>68</xmin>
			<ymin>333</ymin>
			<xmax>97</xmax>
			<ymax>368</ymax>
		</bndbox>
	</object>
</annotation>
