<annotation>
	<folder> ball in grass</folder>
	<filename>382. cricket-ball-938223.jpg</filename>
	<path>D:\Projects\Robot\pictures\downloads\ ball in grass\382. cricket-ball-938223.jpg</path>
	<source>
		<database>Unknown</database>
	</source>
	<size>
		<width>590</width>
		<height>350</height>
		<depth>3</depth>
	</size>
	<segmented>0</segmented>
	<object>
		<name>ball</name>
		<pose>Unspecified</pose>
		<truncated>0</truncated>
		<difficult>0</difficult>
		<bndbox>
			<xmin>238</xmin>
			<ymin>272</ymin>
			<xmax>312</xmax>
			<ymax>349</ymax>
		</bndbox>
	</object>
</annotation>
