<annotation>
	<folder> ball in grass</folder>
	<filename>383. soccer.jpg</filename>
	<path>D:\Projects\Robot\pictures\downloads\ ball in grass\383. soccer.jpg</path>
	<source>
		<database>Unknown</database>
	</source>
	<size>
		<width>640</width>
		<height>385</height>
		<depth>3</depth>
	</size>
	<segmented>0</segmented>
	<object>
		<name>ball</name>
		<pose>Unspecified</pose>
		<truncated>0</truncated>
		<difficult>0</difficult>
		<bndbox>
			<xmin>416</xmin>
			<ymin>114</ymin>
			<xmax>586</xmax>
			<ymax>284</ymax>
		</bndbox>
	</object>
</annotation>
