<annotation>
	<folder> ball in grass</folder>
	<filename>385. golf_familycup_event-400x300.jpg</filename>
	<path>D:\Projects\Robot\pictures\downloads\ ball in grass\385. golf_familycup_event-400x300.jpg</path>
	<source>
		<database>Unknown</database>
	</source>
	<size>
		<width>400</width>
		<height>300</height>
		<depth>3</depth>
	</size>
	<segmented>0</segmented>
	<object>
		<name>ball</name>
		<pose>Unspecified</pose>
		<truncated>0</truncated>
		<difficult>0</difficult>
		<bndbox>
			<xmin>148</xmin>
			<ymin>106</ymin>
			<xmax>170</xmax>
			<ymax>130</ymax>
		</bndbox>
	</object>
</annotation>
