<annotation>
	<folder> ball in grass</folder>
	<filename>386. 417270.jpg</filename>
	<path>D:\Projects\Robot\pictures\downloads\ ball in grass\386. 417270.jpg</path>
	<source>
		<database>Unknown</database>
	</source>
	<size>
		<width>830</width>
		<height>554</height>
		<depth>3</depth>
	</size>
	<segmented>0</segmented>
	<object>
		<name>ball</name>
		<pose>Unspecified</pose>
		<truncated>0</truncated>
		<difficult>0</difficult>
		<bndbox>
			<xmin>220</xmin>
			<ymin>55</ymin>
			<xmax>629</xmax>
			<ymax>474</ymax>
		</bndbox>
	</object>
</annotation>
