<annotation>
	<folder> ball in grass</folder>
	<filename>387. lacrosse.jpg</filename>
	<path>D:\Projects\Robot\pictures\downloads\ ball in grass\387. lacrosse.jpg</path>
	<source>
		<database>Unknown</database>
	</source>
	<size>
		<width>500</width>
		<height>330</height>
		<depth>3</depth>
	</size>
	<segmented>0</segmented>
	<object>
		<name>ball</name>
		<pose>Unspecified</pose>
		<truncated>0</truncated>
		<difficult>0</difficult>
		<bndbox>
			<xmin>214</xmin>
			<ymin>109</ymin>
			<xmax>294</xmax>
			<ymax>191</ymax>
		</bndbox>
	</object>
</annotation>
