<annotation>
	<folder> ball in grass</folder>
	<filename>388. cup.jpg</filename>
	<path>D:\Projects\Robot\pictures\downloads\ ball in grass\388. cup.jpg</path>
	<source>
		<database>Unknown</database>
	</source>
	<size>
		<width>1230</width>
		<height>630</height>
		<depth>3</depth>
	</size>
	<segmented>0</segmented>
	<object>
		<name>ball</name>
		<pose>Unspecified</pose>
		<truncated>0</truncated>
		<difficult>0</difficult>
		<bndbox>
			<xmin>708</xmin>
			<ymin>186</ymin>
			<xmax>857</xmax>
			<ymax>334</ymax>
		</bndbox>
	</object>
	<object>
		<name>ball</name>
		<pose>Unspecified</pose>
		<truncated>1</truncated>
		<difficult>0</difficult>
		<bndbox>
			<xmin>1</xmin>
			<ymin>482</ymin>
			<xmax>129</xmax>
			<ymax>617</ymax>
		</bndbox>
	</object>
</annotation>
