<annotation>
	<folder> ball in grass</folder>
	<filename>392. croquet-lawn--v8695043-720.jpg</filename>
	<path>D:\Projects\Robot\pictures\downloads\ ball in grass\392. croquet-lawn--v8695043-720.jpg</path>
	<source>
		<database>Unknown</database>
	</source>
	<size>
		<width>720</width>
		<height>344</height>
		<depth>3</depth>
	</size>
	<segmented>0</segmented>
	<object>
		<name>ball</name>
		<pose>Unspecified</pose>
		<truncated>0</truncated>
		<difficult>0</difficult>
		<bndbox>
			<xmin>390</xmin>
			<ymin>183</ymin>
			<xmax>427</xmax>
			<ymax>220</ymax>
		</bndbox>
	</object>
	<object>
		<name>ball</name>
		<pose>Unspecified</pose>
		<truncated>0</truncated>
		<difficult>0</difficult>
		<bndbox>
			<xmin>260</xmin>
			<ymin>97</ymin>
			<xmax>280</xmax>
			<ymax>116</ymax>
		</bndbox>
	</object>
	<object>
		<name>ball</name>
		<pose>Unspecified</pose>
		<truncated>0</truncated>
		<difficult>0</difficult>
		<bndbox>
			<xmin>384</xmin>
			<ymin>70</ymin>
			<xmax>398</xmax>
			<ymax>82</ymax>
		</bndbox>
	</object>
</annotation>
