<annotation>
	<folder> ball in grass</folder>
	<filename>393. soccer-ball.jpg</filename>
	<path>D:\Projects\Robot\pictures\downloads\ ball in grass\393. soccer-ball.jpg</path>
	<source>
		<database>Unknown</database>
	</source>
	<size>
		<width>800</width>
		<height>400</height>
		<depth>3</depth>
	</size>
	<segmented>0</segmented>
	<object>
		<name>ball</name>
		<pose>Unspecified</pose>
		<truncated>0</truncated>
		<difficult>0</difficult>
		<bndbox>
			<xmin>153</xmin>
			<ymin>18</ymin>
			<xmax>475</xmax>
			<ymax>339</ymax>
		</bndbox>
	</object>
</annotation>
