<annotation>
	<folder> ball in grass</folder>
	<filename>394. futbal33.jpg</filename>
	<path>D:\Projects\Robot\pictures\downloads\ ball in grass\394. futbal33.jpg</path>
	<source>
		<database>Unknown</database>
	</source>
	<size>
		<width>533</width>
		<height>333</height>
		<depth>3</depth>
	</size>
	<segmented>0</segmented>
	<object>
		<name>ball</name>
		<pose>Unspecified</pose>
		<truncated>0</truncated>
		<difficult>0</difficult>
		<bndbox>
			<xmin>276</xmin>
			<ymin>129</ymin>
			<xmax>476</xmax>
			<ymax>318</ymax>
		</bndbox>
	</object>
</annotation>
