<annotation>
	<folder> ball in grass</folder>
	<filename>396. hqdefault.jpg</filename>
	<path>D:\Projects\Robot\pictures\downloads\ ball in grass\396. hqdefault.jpg</path>
	<source>
		<database>Unknown</database>
	</source>
	<size>
		<width>480</width>
		<height>360</height>
		<depth>3</depth>
	</size>
	<segmented>0</segmented>
	<object>
		<name>ball</name>
		<pose>Unspecified</pose>
		<truncated>0</truncated>
		<difficult>0</difficult>
		<bndbox>
			<xmin>203</xmin>
			<ymin>176</ymin>
			<xmax>234</xmax>
			<ymax>210</ymax>
		</bndbox>
	</object>
	<object>
		<name>ball</name>
		<pose>Unspecified</pose>
		<truncated>0</truncated>
		<difficult>0</difficult>
		<bndbox>
			<xmin>56</xmin>
			<ymin>287</ymin>
			<xmax>89</xmax>
			<ymax>325</ymax>
		</bndbox>
	</object>
</annotation>
