<annotation>
	<folder> ball in grass</folder>
	<filename>39. dm_03242016_1817_sb_pm.jpg</filename>
	<path>D:\Projects\Robot\pictures\downloads\ ball in grass\39. dm_03242016_1817_sb_pm.jpg</path>
	<source>
		<database>Unknown</database>
	</source>
	<size>
		<width>1000</width>
		<height>667</height>
		<depth>3</depth>
	</size>
	<segmented>0</segmented>
	<object>
		<name>ball</name>
		<pose>Unspecified</pose>
		<truncated>0</truncated>
		<difficult>0</difficult>
		<bndbox>
			<xmin>312</xmin>
			<ymin>201</ymin>
			<xmax>756</xmax>
			<ymax>612</ymax>
		</bndbox>
	</object>
</annotation>
