<annotation>
	<folder> ball in grass</folder>
	<filename>400. wp-20160728-004-1.jpg</filename>
	<path>D:\Projects\Robot\pictures\downloads\ ball in grass\400. wp-20160728-004-1.jpg</path>
	<source>
		<database>Unknown</database>
	</source>
	<size>
		<width>700</width>
		<height>467</height>
		<depth>3</depth>
	</size>
	<segmented>0</segmented>
	<object>
		<name>ball</name>
		<pose>Unspecified</pose>
		<truncated>0</truncated>
		<difficult>0</difficult>
		<bndbox>
			<xmin>306</xmin>
			<ymin>151</ymin>
			<xmax>475</xmax>
			<ymax>320</ymax>
		</bndbox>
	</object>
</annotation>
