<annotation>
	<folder> ball in grass</folder>
	<filename>401. football-472042_960_720.jpg</filename>
	<path>D:\Projects\Robot\pictures\downloads\ ball in grass\401. football-472042_960_720.jpg</path>
	<source>
		<database>Unknown</database>
	</source>
	<size>
		<width>960</width>
		<height>640</height>
		<depth>3</depth>
	</size>
	<segmented>0</segmented>
	<object>
		<name>ball</name>
		<pose>Unspecified</pose>
		<truncated>0</truncated>
		<difficult>0</difficult>
		<bndbox>
			<xmin>463</xmin>
			<ymin>157</ymin>
			<xmax>556</xmax>
			<ymax>257</ymax>
		</bndbox>
	</object>
</annotation>
