<annotation>
	<folder> ball in grass</folder>
	<filename>402. cricket-button.png</filename>
	<path>D:\Projects\Robot\pictures\downloads\ ball in grass\402. cricket-button.png</path>
	<source>
		<database>Unknown</database>
	</source>
	<size>
		<width>750</width>
		<height>300</height>
		<depth>3</depth>
	</size>
	<segmented>0</segmented>
	<object>
		<name>ball</name>
		<pose>Unspecified</pose>
		<truncated>1</truncated>
		<difficult>0</difficult>
		<bndbox>
			<xmin>524</xmin>
			<ymin>106</ymin>
			<xmax>741</xmax>
			<ymax>300</ymax>
		</bndbox>
	</object>
</annotation>
