<annotation>
	<folder> ball in grass</folder>
	<filename>403. 580e209cc524022f068b666d-640-480.jpg</filename>
	<path>D:\Projects\Robot\pictures\downloads\ ball in grass\403. 580e209cc524022f068b666d-640-480.jpg</path>
	<source>
		<database>Unknown</database>
	</source>
	<size>
		<width>640</width>
		<height>480</height>
		<depth>3</depth>
	</size>
	<segmented>0</segmented>
	<object>
		<name>ball</name>
		<pose>Unspecified</pose>
		<truncated>0</truncated>
		<difficult>0</difficult>
		<bndbox>
			<xmin>373</xmin>
			<ymin>54</ymin>
			<xmax>493</xmax>
			<ymax>175</ymax>
		</bndbox>
	</object>
</annotation>
