<annotation>
	<folder> ball in grass</folder>
	<filename>405. 20.1_.2018_benecol_.jpg</filename>
	<path>D:\Projects\Robot\pictures\downloads\ ball in grass\405. 20.1_.2018_benecol_.jpg</path>
	<source>
		<database>Unknown</database>
	</source>
	<size>
		<width>1013</width>
		<height>710</height>
		<depth>3</depth>
	</size>
	<segmented>0</segmented>
	<object>
		<name>ball</name>
		<pose>Unspecified</pose>
		<truncated>0</truncated>
		<difficult>0</difficult>
		<bndbox>
			<xmin>668</xmin>
			<ymin>17</ymin>
			<xmax>937</xmax>
			<ymax>293</ymax>
		</bndbox>
	</object>
</annotation>
