<annotation>
	<folder> ball in grass</folder>
	<filename>407. 515d0e77a2a4a6d06b159921e9564673.jpg</filename>
	<path>D:\Projects\Robot\pictures\downloads\ ball in grass\407. 515d0e77a2a4a6d06b159921e9564673.jpg</path>
	<source>
		<database>Unknown</database>
	</source>
	<size>
		<width>536</width>
		<height>402</height>
		<depth>3</depth>
	</size>
	<segmented>0</segmented>
	<object>
		<name>ball</name>
		<pose>Unspecified</pose>
		<truncated>0</truncated>
		<difficult>0</difficult>
		<bndbox>
			<xmin>306</xmin>
			<ymin>207</ymin>
			<xmax>367</xmax>
			<ymax>268</ymax>
		</bndbox>
	</object>
</annotation>
