<annotation>
	<folder> ball in grass</folder>
	<filename>408. img1.png</filename>
	<path>D:\Projects\Robot\pictures\downloads\ ball in grass\408. img1.png</path>
	<source>
		<database>Unknown</database>
	</source>
	<size>
		<width>636</width>
		<height>478</height>
		<depth>3</depth>
	</size>
	<segmented>0</segmented>
	<object>
		<name>ball</name>
		<pose>Unspecified</pose>
		<truncated>0</truncated>
		<difficult>0</difficult>
		<bndbox>
			<xmin>263</xmin>
			<ymin>114</ymin>
			<xmax>539</xmax>
			<ymax>372</ymax>
		</bndbox>
	</object>
</annotation>
