<annotation>
	<folder> ball in grass</folder>
	<filename>410. rugby-1.jpg</filename>
	<path>D:\Projects\Robot\pictures\downloads\ ball in grass\410. rugby-1.jpg</path>
	<source>
		<database>Unknown</database>
	</source>
	<size>
		<width>768</width>
		<height>512</height>
		<depth>3</depth>
	</size>
	<segmented>0</segmented>
	<object>
		<name>ball</name>
		<pose>Unspecified</pose>
		<truncated>0</truncated>
		<difficult>0</difficult>
		<bndbox>
			<xmin>365</xmin>
			<ymin>287</ymin>
			<xmax>589</xmax>
			<ymax>477</ymax>
		</bndbox>
	</object>
</annotation>
