<annotation>
	<folder> ball in grass</folder>
	<filename>412. 15184198-close-up-of-female-golf-player-picking-up-ball-from-hole-at-green.jpg</filename>
	<path>D:\Projects\Robot\pictures\downloads\ ball in grass\412. 15184198-close-up-of-female-golf-player-picking-up-ball-from-hole-at-green.jpg</path>
	<source>
		<database>Unknown</database>
	</source>
	<size>
		<width>450</width>
		<height>300</height>
		<depth>3</depth>
	</size>
	<segmented>0</segmented>
	<object>
		<name>ball</name>
		<pose>Unspecified</pose>
		<truncated>0</truncated>
		<difficult>0</difficult>
		<bndbox>
			<xmin>216</xmin>
			<ymin>146</ymin>
			<xmax>234</xmax>
			<ymax>163</ymax>
		</bndbox>
	</object>
</annotation>
