<annotation>
	<folder> ball in grass</folder>
	<filename>413. wiffle-ball-and-bat-grass-footage-012680645_iconl.jpeg</filename>
	<path>D:\Projects\Robot\pictures\downloads\ ball in grass\413. wiffle-ball-and-bat-grass-footage-012680645_iconl.jpeg</path>
	<source>
		<database>Unknown</database>
	</source>
	<size>
		<width>480</width>
		<height>268</height>
		<depth>3</depth>
	</size>
	<segmented>0</segmented>
	<object>
		<name>ball</name>
		<pose>Unspecified</pose>
		<truncated>0</truncated>
		<difficult>0</difficult>
		<bndbox>
			<xmin>260</xmin>
			<ymin>106</ymin>
			<xmax>407</xmax>
			<ymax>241</ymax>
		</bndbox>
	</object>
</annotation>
