<annotation>
	<folder> ball in grass</folder>
	<filename>418. glass_ball_mirroring_meadow_garden_grass_reflection_ball_about-598722.jpg</filename>
	<path>D:\Projects\Robot\pictures\downloads\ ball in grass\418. glass_ball_mirroring_meadow_garden_grass_reflection_ball_about-598722.jpg</path>
	<source>
		<database>Unknown</database>
	</source>
	<size>
		<width>505</width>
		<height>340</height>
		<depth>3</depth>
	</size>
	<segmented>0</segmented>
	<object>
		<name>ball</name>
		<pose>Unspecified</pose>
		<truncated>0</truncated>
		<difficult>0</difficult>
		<bndbox>
			<xmin>108</xmin>
			<ymin>42</ymin>
			<xmax>397</xmax>
			<ymax>333</ymax>
		</bndbox>
	</object>
</annotation>
