<annotation>
	<folder> ball in grass</folder>
	<filename>419. 20170602-sfhp-8715-495x400.jpg</filename>
	<path>D:\Projects\Robot\pictures\downloads\ ball in grass\419. 20170602-sfhp-8715-495x400.jpg</path>
	<source>
		<database>Unknown</database>
	</source>
	<size>
		<width>495</width>
		<height>400</height>
		<depth>3</depth>
	</size>
	<segmented>0</segmented>
	<object>
		<name>ball</name>
		<pose>Unspecified</pose>
		<truncated>0</truncated>
		<difficult>0</difficult>
		<bndbox>
			<xmin>197</xmin>
			<ymin>284</ymin>
			<xmax>267</xmax>
			<ymax>352</ymax>
		</bndbox>
	</object>
</annotation>
