<annotation>
	<folder> ball in grass</folder>
	<filename>420. 505x403px_turf-golf-ball.jpg</filename>
	<path>D:\Projects\Robot\pictures\downloads\ ball in grass\420. 505x403px_turf-golf-ball.jpg</path>
	<source>
		<database>Unknown</database>
	</source>
	<size>
		<width>505</width>
		<height>403</height>
		<depth>3</depth>
	</size>
	<segmented>0</segmented>
	<object>
		<name>ball</name>
		<pose>Unspecified</pose>
		<truncated>0</truncated>
		<difficult>0</difficult>
		<bndbox>
			<xmin>210</xmin>
			<ymin>82</ymin>
			<xmax>357</xmax>
			<ymax>230</ymax>
		</bndbox>
	</object>
</annotation>
