<annotation>
	<folder> ball in grass</folder>
	<filename>421. 4198017-soccer-player-with-ball.jpg</filename>
	<path>D:\Projects\Robot\pictures\downloads\ ball in grass\421. 4198017-soccer-player-with-ball.jpg</path>
	<source>
		<database>Unknown</database>
	</source>
	<size>
		<width>800</width>
		<height>678</height>
		<depth>3</depth>
	</size>
	<segmented>0</segmented>
	<object>
		<name>ball</name>
		<pose>Unspecified</pose>
		<truncated>0</truncated>
		<difficult>0</difficult>
		<bndbox>
			<xmin>231</xmin>
			<ymin>263</ymin>
			<xmax>607</xmax>
			<ymax>625</ymax>
		</bndbox>
	</object>
</annotation>
