<annotation>
	<folder> ball in grass</folder>
	<filename>422. soccer-ball-green-grass-857055.jpg</filename>
	<path>D:\Projects\Robot\pictures\downloads\ ball in grass\422. soccer-ball-green-grass-857055.jpg</path>
	<source>
		<database>Unknown</database>
	</source>
	<size>
		<width>450</width>
		<height>300</height>
		<depth>3</depth>
	</size>
	<segmented>0</segmented>
	<object>
		<name>ball</name>
		<pose>Unspecified</pose>
		<truncated>0</truncated>
		<difficult>0</difficult>
		<bndbox>
			<xmin>93</xmin>
			<ymin>20</ymin>
			<xmax>359</xmax>
			<ymax>287</ymax>
		</bndbox>
	</object>
</annotation>
