<annotation>
	<folder> ball in grass</folder>
	<filename>424. ywwbsil4q5bk3igp03d-aw~online-slovensko-spojen-arabsk-emir-ty.jpg</filename>
	<path>D:\Projects\Robot\pictures\downloads\ ball in grass\424. ywwbsil4q5bk3igp03d-aw~online-slovensko-spojen-arabsk-emir-ty.jpg</path>
	<source>
		<database>Unknown</database>
	</source>
	<size>
		<width>878</width>
		<height>490</height>
		<depth>3</depth>
	</size>
	<segmented>0</segmented>
	<object>
		<name>ball</name>
		<pose>Unspecified</pose>
		<truncated>0</truncated>
		<difficult>0</difficult>
		<bndbox>
			<xmin>194</xmin>
			<ymin>26</ymin>
			<xmax>470</xmax>
			<ymax>297</ymax>
		</bndbox>
	</object>
	<object>
		<name>ball</name>
		<pose>Unspecified</pose>
		<truncated>0</truncated>
		<difficult>0</difficult>
		<bndbox>
			<xmin>405</xmin>
			<ymin>188</ymin>
			<xmax>685</xmax>
			<ymax>451</ymax>
		</bndbox>
	</object>
</annotation>
