<annotation>
	<folder> ball in grass</folder>
	<filename>427. soccer.jpg&amp;transform=resizecrop,720,450.jpg</filename>
	<path>D:\Projects\Robot\pictures\downloads\ ball in grass\427. soccer.jpg&amp;transform=resizecrop,720,450.jpg</path>
	<source>
		<database>Unknown</database>
	</source>
	<size>
		<width>720</width>
		<height>450</height>
		<depth>3</depth>
	</size>
	<segmented>0</segmented>
	<object>
		<name>ball</name>
		<pose>Unspecified</pose>
		<truncated>0</truncated>
		<difficult>0</difficult>
		<bndbox>
			<xmin>454</xmin>
			<ymin>147</ymin>
			<xmax>626</xmax>
			<ymax>317</ymax>
		</bndbox>
	</object>
</annotation>
