<annotation>
	<folder> ball in grass</folder>
	<filename>428. e-img-7590-5-800-535-0-ffffff.jpg</filename>
	<path>D:\Projects\Robot\pictures\downloads\ ball in grass\428. e-img-7590-5-800-535-0-ffffff.jpg</path>
	<source>
		<database>Unknown</database>
	</source>
	<size>
		<width>800</width>
		<height>535</height>
		<depth>3</depth>
	</size>
	<segmented>0</segmented>
	<object>
		<name>ball</name>
		<pose>Unspecified</pose>
		<truncated>0</truncated>
		<difficult>0</difficult>
		<bndbox>
			<xmin>383</xmin>
			<ymin>286</ymin>
			<xmax>421</xmax>
			<ymax>320</ymax>
		</bndbox>
	</object>
</annotation>
