<annotation>
	<folder> ball in grass</folder>
	<filename>429. dixonbanner.jpg</filename>
	<path>D:\Projects\Robot\pictures\downloads\ ball in grass\429. dixonbanner.jpg</path>
	<source>
		<database>Unknown</database>
	</source>
	<size>
		<width>720</width>
		<height>480</height>
		<depth>3</depth>
	</size>
	<segmented>0</segmented>
	<object>
		<name>ball</name>
		<pose>Unspecified</pose>
		<truncated>0</truncated>
		<difficult>0</difficult>
		<bndbox>
			<xmin>144</xmin>
			<ymin>221</ymin>
			<xmax>301</xmax>
			<ymax>376</ymax>
		</bndbox>
	</object>
</annotation>
