<annotation>
	<folder> ball in grass</folder>
	<filename>42. depositphotos_157802170-stock-photo-soccer-ball-on-green-football.jpg</filename>
	<path>D:\Projects\Robot\pictures\downloads\ ball in grass\42. depositphotos_157802170-stock-photo-soccer-ball-on-green-football.jpg</path>
	<source>
		<database>Unknown</database>
	</source>
	<size>
		<width>450</width>
		<height>300</height>
		<depth>3</depth>
	</size>
	<segmented>0</segmented>
	<object>
		<name>ball</name>
		<pose>Unspecified</pose>
		<truncated>1</truncated>
		<difficult>0</difficult>
		<bndbox>
			<xmin>111</xmin>
			<ymin>184</ymin>
			<xmax>341</xmax>
			<ymax>300</ymax>
		</bndbox>
	</object>
</annotation>
