<annotation>
	<folder> ball in grass</folder>
	<filename>431. pexels-photo-209956.jpeg</filename>
	<path>D:\Projects\Robot\pictures\downloads\ ball in grass\431. pexels-photo-209956.jpeg</path>
	<source>
		<database>Unknown</database>
	</source>
	<size>
		<width>1200</width>
		<height>627</height>
		<depth>3</depth>
	</size>
	<segmented>0</segmented>
	<object>
		<name>ball</name>
		<pose>Unspecified</pose>
		<truncated>0</truncated>
		<difficult>0</difficult>
		<bndbox>
			<xmin>479</xmin>
			<ymin>227</ymin>
			<xmax>908</xmax>
			<ymax>482</ymax>
		</bndbox>
	</object>
</annotation>
