<annotation>
	<folder> ball in grass</folder>
	<filename>432. superbowl.jpg</filename>
	<path>D:\Projects\Robot\pictures\downloads\ ball in grass\432. superbowl.jpg</path>
	<source>
		<database>Unknown</database>
	</source>
	<size>
		<width>860</width>
		<height>558</height>
		<depth>3</depth>
	</size>
	<segmented>0</segmented>
	<object>
		<name>ball</name>
		<pose>Unspecified</pose>
		<truncated>0</truncated>
		<difficult>0</difficult>
		<bndbox>
			<xmin>170</xmin>
			<ymin>117</ymin>
			<xmax>634</xmax>
			<ymax>434</ymax>
		</bndbox>
	</object>
</annotation>
