<annotation>
	<folder> ball in grass</folder>
	<filename>433. 7e4f63485b1af934e444f6d125679d86.jpg</filename>
	<path>D:\Projects\Robot\pictures\downloads\ ball in grass\433. 7e4f63485b1af934e444f6d125679d86.jpg</path>
	<source>
		<database>Unknown</database>
	</source>
	<size>
		<width>983</width>
		<height>409</height>
		<depth>3</depth>
	</size>
	<segmented>0</segmented>
	<object>
		<name>ball</name>
		<pose>Unspecified</pose>
		<truncated>0</truncated>
		<difficult>0</difficult>
		<bndbox>
			<xmin>344</xmin>
			<ymin>191</ymin>
			<xmax>473</xmax>
			<ymax>324</ymax>
		</bndbox>
	</object>
</annotation>
