<annotation>
	<folder> ball in grass</folder>
	<filename>434. donate-soccer-balls-to-africa-2.jpg</filename>
	<path>D:\Projects\Robot\pictures\downloads\ ball in grass\434. donate-soccer-balls-to-africa-2.jpg</path>
	<source>
		<database>Unknown</database>
	</source>
	<size>
		<width>864</width>
		<height>600</height>
		<depth>3</depth>
	</size>
	<segmented>0</segmented>
	<object>
		<name>ball</name>
		<pose>Unspecified</pose>
		<truncated>0</truncated>
		<difficult>0</difficult>
		<bndbox>
			<xmin>260</xmin>
			<ymin>442</ymin>
			<xmax>326</xmax>
			<ymax>514</ymax>
		</bndbox>
	</object>
</annotation>
