<annotation>
	<folder> ball in grass</folder>
	<filename>435. 91caa%2bpjvkl._sx466_.jpg</filename>
	<path>D:\Projects\Robot\pictures\downloads\ ball in grass\435. 91caa%2bpjvkl._sx466_.jpg</path>
	<source>
		<database>Unknown</database>
	</source>
	<size>
		<width>466</width>
		<height>466</height>
		<depth>3</depth>
	</size>
	<segmented>0</segmented>
	<object>
		<name>ball</name>
		<pose>Unspecified</pose>
		<truncated>0</truncated>
		<difficult>0</difficult>
		<bndbox>
			<xmin>8</xmin>
			<ymin>322</ymin>
			<xmax>123</xmax>
			<ymax>429</ymax>
		</bndbox>
	</object>
</annotation>
