<annotation>
	<folder> ball in grass</folder>
	<filename>436. golf-pink-13511826.jpg</filename>
	<path>D:\Projects\Robot\pictures\downloads\ ball in grass\436. golf-pink-13511826.jpg</path>
	<source>
		<database>Unknown</database>
	</source>
	<size>
		<width>501</width>
		<height>284</height>
		<depth>3</depth>
	</size>
	<segmented>0</segmented>
	<object>
		<name>ball</name>
		<pose>Unspecified</pose>
		<truncated>0</truncated>
		<difficult>0</difficult>
		<bndbox>
			<xmin>300</xmin>
			<ymin>123</ymin>
			<xmax>371</xmax>
			<ymax>198</ymax>
		</bndbox>
	</object>
</annotation>
