<annotation>
	<folder> ball in grass</folder>
	<filename>437. pm-id.jpg</filename>
	<path>D:\Projects\Robot\pictures\downloads\ ball in grass\437. pm-id.jpg</path>
	<source>
		<database>Unknown</database>
	</source>
	<size>
		<width>767</width>
		<height>647</height>
		<depth>3</depth>
	</size>
	<segmented>0</segmented>
	<object>
		<name>ball</name>
		<pose>Unspecified</pose>
		<truncated>0</truncated>
		<difficult>0</difficult>
		<bndbox>
			<xmin>95</xmin>
			<ymin>46</ymin>
			<xmax>634</xmax>
			<ymax>594</ymax>
		</bndbox>
	</object>
</annotation>
