<annotation>
	<folder> ball in grass</folder>
	<filename>439. picture2-151.jpg</filename>
	<path>D:\Projects\Robot\pictures\downloads\ ball in grass\439. picture2-151.jpg</path>
	<source>
		<database>Unknown</database>
	</source>
	<size>
		<width>600</width>
		<height>600</height>
		<depth>3</depth>
	</size>
	<segmented>0</segmented>
	<object>
		<name>ball</name>
		<pose>Unspecified</pose>
		<truncated>0</truncated>
		<difficult>0</difficult>
		<bndbox>
			<xmin>3</xmin>
			<ymin>2</ymin>
			<xmax>597</xmax>
			<ymax>594</ymax>
		</bndbox>
	</object>
</annotation>
