<annotation>
	<folder> ball in grass</folder>
	<filename>43. football-ball-sport-soccer-50713.jpeg</filename>
	<path>D:\Projects\Robot\pictures\downloads\ ball in grass\43. football-ball-sport-soccer-50713.jpeg</path>
	<source>
		<database>Unknown</database>
	</source>
	<size>
		<width>525</width>
		<height>350</height>
		<depth>3</depth>
	</size>
	<segmented>0</segmented>
	<object>
		<name>ball</name>
		<pose>Unspecified</pose>
		<truncated>0</truncated>
		<difficult>0</difficult>
		<bndbox>
			<xmin>256</xmin>
			<ymin>163</ymin>
			<xmax>343</xmax>
			<ymax>250</ymax>
		</bndbox>
	</object>
</annotation>
