<annotation>
	<folder> ball in grass</folder>
	<filename>440. golf-tips-putting-etiquette.jpg</filename>
	<path>D:\Projects\Robot\pictures\downloads\ ball in grass\440. golf-tips-putting-etiquette.jpg</path>
	<source>
		<database>Unknown</database>
	</source>
	<size>
		<width>867</width>
		<height>534</height>
		<depth>3</depth>
	</size>
	<segmented>0</segmented>
	<object>
		<name>ball</name>
		<pose>Unspecified</pose>
		<truncated>0</truncated>
		<difficult>0</difficult>
		<bndbox>
			<xmin>152</xmin>
			<ymin>413</ymin>
			<xmax>203</xmax>
			<ymax>463</ymax>
		</bndbox>
	</object>
</annotation>
