<annotation>
	<folder> ball in grass</folder>
	<filename>443. cricket-2533791_960_720.jpg</filename>
	<path>D:\Projects\Robot\pictures\downloads\ ball in grass\443. cricket-2533791_960_720.jpg</path>
	<source>
		<database>Unknown</database>
	</source>
	<size>
		<width>960</width>
		<height>540</height>
		<depth>3</depth>
	</size>
	<segmented>0</segmented>
	<object>
		<name>ball</name>
		<pose>Unspecified</pose>
		<truncated>0</truncated>
		<difficult>0</difficult>
		<bndbox>
			<xmin>136</xmin>
			<ymin>49</ymin>
			<xmax>554</xmax>
			<ymax>468</ymax>
		</bndbox>
	</object>
</annotation>
