<annotation>
	<folder> ball in grass</folder>
	<filename>445. football-design-background_1394-765.jpg</filename>
	<path>D:\Projects\Robot\pictures\downloads\ ball in grass\445. football-design-background_1394-765.jpg</path>
	<source>
		<database>Unknown</database>
	</source>
	<size>
		<width>626</width>
		<height>625</height>
		<depth>3</depth>
	</size>
	<segmented>0</segmented>
	<object>
		<name>ball</name>
		<pose>Unspecified</pose>
		<truncated>0</truncated>
		<difficult>0</difficult>
		<bndbox>
			<xmin>202</xmin>
			<ymin>179</ymin>
			<xmax>463</xmax>
			<ymax>447</ymax>
		</bndbox>
	</object>
</annotation>
