<annotation>
	<folder> ball in grass</folder>
	<filename>447. stock-photo-soccer-ball-on-green-grass-590393198.jpg</filename>
	<path>D:\Projects\Robot\pictures\downloads\ ball in grass\447. stock-photo-soccer-ball-on-green-grass-590393198.jpg</path>
	<source>
		<database>Unknown</database>
	</source>
	<size>
		<width>300</width>
		<height>470</height>
		<depth>3</depth>
	</size>
	<segmented>0</segmented>
	<object>
		<name>ball</name>
		<pose>Unspecified</pose>
		<truncated>0</truncated>
		<difficult>0</difficult>
		<bndbox>
			<xmin>111</xmin>
			<ymin>230</ymin>
			<xmax>231</xmax>
			<ymax>352</ymax>
		</bndbox>
	</object>
</annotation>
