<annotation>
	<folder> ball in grass</folder>
	<filename>448. lawn_tennis_big.jpg</filename>
	<path>D:\Projects\Robot\pictures\downloads\ ball in grass\448. lawn_tennis_big.jpg</path>
	<source>
		<database>Unknown</database>
	</source>
	<size>
		<width>800</width>
		<height>535</height>
		<depth>3</depth>
	</size>
	<segmented>0</segmented>
	<object>
		<name>ball</name>
		<pose>Unspecified</pose>
		<truncated>0</truncated>
		<difficult>0</difficult>
		<bndbox>
			<xmin>260</xmin>
			<ymin>78</ymin>
			<xmax>569</xmax>
			<ymax>380</ymax>
		</bndbox>
	</object>
</annotation>
