<annotation>
	<folder> ball in grass</folder>
	<filename>44. canva-soccer-ball-on-grass-at-goal-and-stadium-in-background-maaxiyv3p0q.jpg</filename>
	<path>D:\Projects\Robot\pictures\downloads\ ball in grass\44. canva-soccer-ball-on-grass-at-goal-and-stadium-in-background-maaxiyv3p0q.jpg</path>
	<source>
		<database>Unknown</database>
	</source>
	<size>
		<width>800</width>
		<height>533</height>
		<depth>3</depth>
	</size>
	<segmented>0</segmented>
	<object>
		<name>ball</name>
		<pose>Unspecified</pose>
		<truncated>0</truncated>
		<difficult>0</difficult>
		<bndbox>
			<xmin>92</xmin>
			<ymin>45</ymin>
			<xmax>456</xmax>
			<ymax>412</ymax>
		</bndbox>
	</object>
</annotation>
