<annotation>
	<folder> ball in grass</folder>
	<filename>450. 007-workshops.jpg</filename>
	<path>D:\Projects\Robot\pictures\downloads\ ball in grass\450. 007-workshops.jpg</path>
	<source>
		<database>Unknown</database>
	</source>
	<size>
		<width>1000</width>
		<height>250</height>
		<depth>3</depth>
	</size>
	<segmented>0</segmented>
	<object>
		<name>ball</name>
		<pose>Unspecified</pose>
		<truncated>1</truncated>
		<difficult>0</difficult>
		<bndbox>
			<xmin>418</xmin>
			<ymin>1</ymin>
			<xmax>707</xmax>
			<ymax>192</ymax>
		</bndbox>
	</object>
</annotation>
