<annotation>
	<folder> ball in grass</folder>
	<filename>451. lg_1928_849351.jpg</filename>
	<path>D:\Projects\Robot\pictures\downloads\ ball in grass\451. lg_1928_849351.jpg</path>
	<source>
		<database>Unknown</database>
	</source>
	<size>
		<width>132</width>
		<height>146</height>
		<depth>3</depth>
	</size>
	<segmented>0</segmented>
	<object>
		<name>ball</name>
		<pose>Unspecified</pose>
		<truncated>1</truncated>
		<difficult>0</difficult>
		<bndbox>
			<xmin>1</xmin>
			<ymin>2</ymin>
			<xmax>129</xmax>
			<ymax>137</ymax>
		</bndbox>
	</object>
</annotation>
