<annotation>
	<folder> ball in grass</folder>
	<filename>452. esto-quarterly-2-705x470.jpg</filename>
	<path>D:\Projects\Robot\pictures\downloads\ ball in grass\452. esto-quarterly-2-705x470.jpg</path>
	<source>
		<database>Unknown</database>
	</source>
	<size>
		<width>705</width>
		<height>470</height>
		<depth>3</depth>
	</size>
	<segmented>0</segmented>
	<object>
		<name>ball</name>
		<pose>Unspecified</pose>
		<truncated>0</truncated>
		<difficult>0</difficult>
		<bndbox>
			<xmin>143</xmin>
			<ymin>13</ymin>
			<xmax>581</xmax>
			<ymax>423</ymax>
		</bndbox>
	</object>
</annotation>
