<annotation>
	<folder> ball in grass</folder>
	<filename>453. ball_590x.jpg</filename>
	<path>D:\Projects\Robot\pictures\downloads\ ball in grass\453. ball_590x.jpg</path>
	<source>
		<database>Unknown</database>
	</source>
	<size>
		<width>590</width>
		<height>393</height>
		<depth>3</depth>
	</size>
	<segmented>0</segmented>
	<object>
		<name>ball</name>
		<pose>Unspecified</pose>
		<truncated>0</truncated>
		<difficult>0</difficult>
		<bndbox>
			<xmin>80</xmin>
			<ymin>73</ymin>
			<xmax>377</xmax>
			<ymax>350</ymax>
		</bndbox>
	</object>
</annotation>
