<annotation>
	<folder> ball in grass</folder>
	<filename>454. winter-golf-ball.jpg</filename>
	<path>D:\Projects\Robot\pictures\downloads\ ball in grass\454. winter-golf-ball.jpg</path>
	<source>
		<database>Unknown</database>
	</source>
	<size>
		<width>849</width>
		<height>565</height>
		<depth>3</depth>
	</size>
	<segmented>0</segmented>
	<object>
		<name>ball</name>
		<pose>Unspecified</pose>
		<truncated>0</truncated>
		<difficult>0</difficult>
		<bndbox>
			<xmin>445</xmin>
			<ymin>162</ymin>
			<xmax>745</xmax>
			<ymax>460</ymax>
		</bndbox>
	</object>
</annotation>
