<annotation>
	<folder> ball in grass</folder>
	<filename>455. mans-hands-holding-baseball-in-grass-close-up-dx5me5.jpg</filename>
	<path>D:\Projects\Robot\pictures\downloads\ ball in grass\455. mans-hands-holding-baseball-in-grass-close-up-dx5me5.jpg</path>
	<source>
		<database>Unknown</database>
	</source>
	<size>
		<width>346</width>
		<height>540</height>
		<depth>3</depth>
	</size>
	<segmented>0</segmented>
	<object>
		<name>ball</name>
		<pose>Unspecified</pose>
		<truncated>0</truncated>
		<difficult>0</difficult>
		<bndbox>
			<xmin>47</xmin>
			<ymin>177</ymin>
			<xmax>225</xmax>
			<ymax>352</ymax>
		</bndbox>
	</object>
</annotation>
