<annotation>
	<folder> ball in grass</folder>
	<filename>457. 13433810373539_496_301.jpg</filename>
	<path>D:\Projects\Robot\pictures\downloads\ ball in grass\457. 13433810373539_496_301.jpg</path>
	<source>
		<database>Unknown</database>
	</source>
	<size>
		<width>496</width>
		<height>301</height>
		<depth>3</depth>
	</size>
	<segmented>0</segmented>
	<object>
		<name>ball</name>
		<pose>Unspecified</pose>
		<truncated>1</truncated>
		<difficult>0</difficult>
		<bndbox>
			<xmin>61</xmin>
			<ymin>154</ymin>
			<xmax>242</xmax>
			<ymax>301</ymax>
		</bndbox>
	</object>
</annotation>
