<annotation>
	<folder> ball in grass</folder>
	<filename>45. soccer-ball-on-green-grass-background-vector-2072212.jpg</filename>
	<path>D:\Projects\Robot\pictures\downloads\ ball in grass\45. soccer-ball-on-green-grass-background-vector-2072212.jpg</path>
	<source>
		<database>Unknown</database>
	</source>
	<size>
		<width>1000</width>
		<height>780</height>
		<depth>3</depth>
	</size>
	<segmented>0</segmented>
	<object>
		<name>ball</name>
		<pose>Unspecified</pose>
		<truncated>0</truncated>
		<difficult>0</difficult>
		<bndbox>
			<xmin>107</xmin>
			<ymin>366</ymin>
			<xmax>358</xmax>
			<ymax>632</ymax>
		</bndbox>
	</object>
</annotation>
