<annotation>
	<folder> ball in grass</folder>
	<filename>461. 5a60492d612401d3cc49349ddf5fa1ab_crop_exact-600x375.jpg</filename>
	<path>D:\Projects\Robot\pictures\downloads\ ball in grass\461. 5a60492d612401d3cc49349ddf5fa1ab_crop_exact-600x375.jpg</path>
	<source>
		<database>Unknown</database>
	</source>
	<size>
		<width>600</width>
		<height>375</height>
		<depth>3</depth>
	</size>
	<segmented>0</segmented>
	<object>
		<name>ball</name>
		<pose>Unspecified</pose>
		<truncated>0</truncated>
		<difficult>0</difficult>
		<bndbox>
			<xmin>10</xmin>
			<ymin>109</ymin>
			<xmax>203</xmax>
			<ymax>299</ymax>
		</bndbox>
	</object>
	<object>
		<name>ball</name>
		<pose>Unspecified</pose>
		<truncated>0</truncated>
		<difficult>0</difficult>
		<bndbox>
			<xmin>203</xmin>
			<ymin>107</ymin>
			<xmax>398</xmax>
			<ymax>292</ymax>
		</bndbox>
	</object>
	<object>
		<name>ball</name>
		<pose>Unspecified</pose>
		<truncated>0</truncated>
		<difficult>0</difficult>
		<bndbox>
			<xmin>387</xmin>
			<ymin>99</ymin>
			<xmax>583</xmax>
			<ymax>296</ymax>
		</bndbox>
	</object>
</annotation>
