<annotation>
	<folder> ball in grass</folder>
	<filename>464. people-men-grass-sport-660x330.jpg</filename>
	<path>D:\Projects\Robot\pictures\downloads\ ball in grass\464. people-men-grass-sport-660x330.jpg</path>
	<source>
		<database>Unknown</database>
	</source>
	<size>
		<width>660</width>
		<height>330</height>
		<depth>3</depth>
	</size>
	<segmented>0</segmented>
	<object>
		<name>ball</name>
		<pose>Unspecified</pose>
		<truncated>0</truncated>
		<difficult>0</difficult>
		<bndbox>
			<xmin>176</xmin>
			<ymin>55</ymin>
			<xmax>252</xmax>
			<ymax>134</ymax>
		</bndbox>
	</object>
</annotation>
