<annotation>
	<folder> ball in grass</folder>
	<filename>465. p02lqy3k.jpg</filename>
	<path>D:\Projects\Robot\pictures\downloads\ ball in grass\465. p02lqy3k.jpg</path>
	<source>
		<database>Unknown</database>
	</source>
	<size>
		<width>976</width>
		<height>549</height>
		<depth>3</depth>
	</size>
	<segmented>0</segmented>
	<object>
		<name>ball</name>
		<pose>Unspecified</pose>
		<truncated>0</truncated>
		<difficult>0</difficult>
		<bndbox>
			<xmin>439</xmin>
			<ymin>301</ymin>
			<xmax>504</xmax>
			<ymax>379</ymax>
		</bndbox>
	</object>
</annotation>
