<annotation>
	<folder> ball in grass</folder>
	<filename>467. 10675673_10152467490991263_3279165646133777951_n-800x445.jpg</filename>
	<path>D:\Projects\Robot\pictures\downloads\ ball in grass\467. 10675673_10152467490991263_3279165646133777951_n-800x445.jpg</path>
	<source>
		<database>Unknown</database>
	</source>
	<size>
		<width>800</width>
		<height>445</height>
		<depth>3</depth>
	</size>
	<segmented>0</segmented>
	<object>
		<name>ball</name>
		<pose>Unspecified</pose>
		<truncated>0</truncated>
		<difficult>0</difficult>
		<bndbox>
			<xmin>511</xmin>
			<ymin>267</ymin>
			<xmax>602</xmax>
			<ymax>414</ymax>
		</bndbox>
	</object>
</annotation>
