<annotation>
	<folder> ball in grass</folder>
	<filename>468. 50000000.jpg</filename>
	<path>D:\Projects\Robot\pictures\downloads\ ball in grass\468. 50000000.jpg</path>
	<source>
		<database>Unknown</database>
	</source>
	<size>
		<width>900</width>
		<height>279</height>
		<depth>3</depth>
	</size>
	<segmented>0</segmented>
	<object>
		<name>ball</name>
		<pose>Unspecified</pose>
		<truncated>0</truncated>
		<difficult>0</difficult>
		<bndbox>
			<xmin>627</xmin>
			<ymin>55</ymin>
			<xmax>852</xmax>
			<ymax>254</ymax>
		</bndbox>
	</object>
</annotation>
