<annotation>
	<folder> ball in grass</folder>
	<filename>469. 300x0w.jpg</filename>
	<path>D:\Projects\Robot\pictures\downloads\ ball in grass\469. 300x0w.jpg</path>
	<source>
		<database>Unknown</database>
	</source>
	<size>
		<width>300</width>
		<height>533</height>
		<depth>3</depth>
	</size>
	<segmented>0</segmented>
	<object>
		<name>ball</name>
		<pose>Unspecified</pose>
		<truncated>0</truncated>
		<difficult>0</difficult>
		<bndbox>
			<xmin>111</xmin>
			<ymin>412</ymin>
			<xmax>154</xmax>
			<ymax>452</ymax>
		</bndbox>
	</object>
</annotation>
