<annotation>
	<folder> ball in grass</folder>
	<filename>46. 60633216-white-line-and-soccer-football-ball-on-grass-field-closeup-sport-background-editable-illustration-is.jpg</filename>
	<path>D:\Projects\Robot\pictures\downloads\ ball in grass\46. 60633216-white-line-and-soccer-football-ball-on-grass-field-closeup-sport-background-editable-illustration-is.jpg</path>
	<source>
		<database>Unknown</database>
	</source>
	<size>
		<width>450</width>
		<height>300</height>
		<depth>3</depth>
	</size>
	<segmented>0</segmented>
	<object>
		<name>ball</name>
		<pose>Unspecified</pose>
		<truncated>0</truncated>
		<difficult>0</difficult>
		<bndbox>
			<xmin>148</xmin>
			<ymin>22</ymin>
			<xmax>301</xmax>
			<ymax>176</ymax>
		</bndbox>
	</object>
</annotation>
