<annotation>
	<folder> ball in grass</folder>
	<filename>471. cat-landing-fitnessactivities-slot-06.jpg</filename>
	<path>D:\Projects\Robot\pictures\downloads\ ball in grass\471. cat-landing-fitnessactivities-slot-06.jpg</path>
	<source>
		<database>Unknown</database>
	</source>
	<size>
		<width>700</width>
		<height>700</height>
		<depth>3</depth>
	</size>
	<segmented>0</segmented>
	<object>
		<name>ball</name>
		<pose>Unspecified</pose>
		<truncated>0</truncated>
		<difficult>0</difficult>
		<bndbox>
			<xmin>432</xmin>
			<ymin>96</ymin>
			<xmax>613</xmax>
			<ymax>281</ymax>
		</bndbox>
	</object>
</annotation>
