<annotation>
	<folder> ball in grass</folder>
	<filename>473. e05ed8f3a4ded4ccd7d68242feb47249e96a6f76_big.jpg</filename>
	<path>D:\Projects\Robot\pictures\downloads\ ball in grass\473. e05ed8f3a4ded4ccd7d68242feb47249e96a6f76_big.jpg</path>
	<source>
		<database>Unknown</database>
	</source>
	<size>
		<width>600</width>
		<height>450</height>
		<depth>3</depth>
	</size>
	<segmented>0</segmented>
	<object>
		<name>ball</name>
		<pose>Unspecified</pose>
		<truncated>0</truncated>
		<difficult>0</difficult>
		<bndbox>
			<xmin>250</xmin>
			<ymin>148</ymin>
			<xmax>505</xmax>
			<ymax>390</ymax>
		</bndbox>
	</object>
</annotation>
