<annotation>
	<folder> ball in grass</folder>
	<filename>474. outfielder.jpg</filename>
	<path>D:\Projects\Robot\pictures\downloads\ ball in grass\474. outfielder.jpg</path>
	<source>
		<database>Unknown</database>
	</source>
	<size>
		<width>630</width>
		<height>354</height>
		<depth>3</depth>
	</size>
	<segmented>0</segmented>
	<object>
		<name>ball</name>
		<pose>Unspecified</pose>
		<truncated>0</truncated>
		<difficult>0</difficult>
		<bndbox>
			<xmin>492</xmin>
			<ymin>295</ymin>
			<xmax>516</xmax>
			<ymax>318</ymax>
		</bndbox>
	</object>
</annotation>
