<annotation>
	<folder> ball in grass</folder>
	<filename>476. hood_golfclubandbalontee_750x421.jpg</filename>
	<path>D:\Projects\Robot\pictures\downloads\ ball in grass\476. hood_golfclubandbalontee_750x421.jpg</path>
	<source>
		<database>Unknown</database>
	</source>
	<size>
		<width>750</width>
		<height>421</height>
		<depth>3</depth>
	</size>
	<segmented>0</segmented>
	<object>
		<name>ball</name>
		<pose>Unspecified</pose>
		<truncated>0</truncated>
		<difficult>0</difficult>
		<bndbox>
			<xmin>370</xmin>
			<ymin>113</ymin>
			<xmax>537</xmax>
			<ymax>285</ymax>
		</bndbox>
	</object>
</annotation>
