<annotation>
	<folder> ball in grass</folder>
	<filename>477. teamgeist_ball_world_cup_2006.jpg</filename>
	<path>D:\Projects\Robot\pictures\downloads\ ball in grass\477. teamgeist_ball_world_cup_2006.jpg</path>
	<source>
		<database>Unknown</database>
	</source>
	<size>
		<width>479</width>
		<height>444</height>
		<depth>3</depth>
	</size>
	<segmented>0</segmented>
	<object>
		<name>ball</name>
		<pose>Unspecified</pose>
		<truncated>0</truncated>
		<difficult>0</difficult>
		<bndbox>
			<xmin>123</xmin>
			<ymin>124</ymin>
			<xmax>362</xmax>
			<ymax>371</ymax>
		</bndbox>
	</object>
</annotation>
