<annotation>
	<folder> ball in grass</folder>
	<filename>479. lopta.jpg</filename>
	<path>D:\Projects\Robot\pictures\downloads\ ball in grass\479. lopta.jpg</path>
	<source>
		<database>Unknown</database>
	</source>
	<size>
		<width>950</width>
		<height>634</height>
		<depth>3</depth>
	</size>
	<segmented>0</segmented>
	<object>
		<name>ball</name>
		<pose>Unspecified</pose>
		<truncated>0</truncated>
		<difficult>0</difficult>
		<bndbox>
			<xmin>186</xmin>
			<ymin>153</ymin>
			<xmax>573</xmax>
			<ymax>534</ymax>
		</bndbox>
	</object>
</annotation>
