<annotation>
	<folder> ball in grass</folder>
	<filename>47. 500_f_144691144_uzwavmuzbsfvpccqyuxtds2gfidr3ujn.jpg</filename>
	<path>D:\Projects\Robot\pictures\downloads\ ball in grass\47. 500_f_144691144_uzwavmuzbsfvpccqyuxtds2gfidr3ujn.jpg</path>
	<source>
		<database>Unknown</database>
	</source>
	<size>
		<width>354</width>
		<height>500</height>
		<depth>3</depth>
	</size>
	<segmented>0</segmented>
	<object>
		<name>ball</name>
		<pose>Unspecified</pose>
		<truncated>0</truncated>
		<difficult>0</difficult>
		<bndbox>
			<xmin>56</xmin>
			<ymin>196</ymin>
			<xmax>298</xmax>
			<ymax>427</ymax>
		</bndbox>
	</object>
</annotation>
