<annotation>
	<folder> ball in grass</folder>
	<filename>480. putting-package-putter.jpg</filename>
	<path>D:\Projects\Robot\pictures\downloads\ ball in grass\480. putting-package-putter.jpg</path>
	<source>
		<database>Unknown</database>
	</source>
	<size>
		<width>768</width>
		<height>512</height>
		<depth>3</depth>
	</size>
	<segmented>0</segmented>
	<object>
		<name>ball</name>
		<pose>Unspecified</pose>
		<truncated>0</truncated>
		<difficult>0</difficult>
		<bndbox>
			<xmin>170</xmin>
			<ymin>304</ymin>
			<xmax>231</xmax>
			<ymax>354</ymax>
		</bndbox>
	</object>
</annotation>
