<annotation>
	<folder> ball in grass</folder>
	<filename>482. 1.jpg</filename>
	<path>D:\Projects\Robot\pictures\downloads\ ball in grass\482. 1.jpg</path>
	<source>
		<database>Unknown</database>
	</source>
	<size>
		<width>852</width>
		<height>480</height>
		<depth>3</depth>
	</size>
	<segmented>0</segmented>
	<object>
		<name>ball</name>
		<pose>Unspecified</pose>
		<truncated>0</truncated>
		<difficult>0</difficult>
		<bndbox>
			<xmin>392</xmin>
			<ymin>288</ymin>
			<xmax>503</xmax>
			<ymax>394</ymax>
		</bndbox>
	</object>
</annotation>
