<annotation>
	<folder> ball in grass</folder>
	<filename>484. runcible_wooden_circular_smartphone_ikona_clanku-529x297.jpg</filename>
	<path>D:\Projects\Robot\pictures\downloads\ ball in grass\484. runcible_wooden_circular_smartphone_ikona_clanku-529x297.jpg</path>
	<source>
		<database>Unknown</database>
	</source>
	<size>
		<width>529</width>
		<height>297</height>
		<depth>3</depth>
	</size>
	<segmented>0</segmented>
	<object>
		<name>ball</name>
		<pose>Unspecified</pose>
		<truncated>0</truncated>
		<difficult>0</difficult>
		<bndbox>
			<xmin>240</xmin>
			<ymin>59</ymin>
			<xmax>428</xmax>
			<ymax>254</ymax>
		</bndbox>
	</object>
</annotation>
