<annotation>
	<folder> ball in grass</folder>
	<filename>48. basketball-436088_640.jpg</filename>
	<path>D:\Projects\Robot\pictures\downloads\ ball in grass\48. basketball-436088_640.jpg</path>
	<source>
		<database>Unknown</database>
	</source>
	<size>
		<width>640</width>
		<height>480</height>
		<depth>3</depth>
	</size>
	<segmented>0</segmented>
	<object>
		<name>ball</name>
		<pose>Unspecified</pose>
		<truncated>0</truncated>
		<difficult>0</difficult>
		<bndbox>
			<xmin>186</xmin>
			<ymin>72</ymin>
			<xmax>589</xmax>
			<ymax>464</ymax>
		</bndbox>
	</object>
</annotation>
